timestamp,host_id,hostname,empresa,cpu_percent,cpu_freq_mhz,ram_percent,ram_usada_gb,ram_livre_gb,ram_total_gb,disco_percent,disco_usado_gb,disco_livre_gb,disco_total_gb,disco_throughput_mb_s,rede_upload_mb_s,rede_download_mb_s,rede_total_mb_s,rede_conexoes,processos
2026-04-08 09:12:33,Anderson,laptop-ANDERSON,empresaX,31.1,2400.0,51.6,8.11,7.62,15.73,75.1,357.68,118.29,475.97,0.09,0.01,0.01,0.02,88,256
2026-04-08 09:13:33,Anderson,laptop-ANDERSON,empresaX,37.3,2400.0,69.9,11.0,4.73,15.73,75.1,357.68,118.28,475.97,9.01,0.0,0.0,0.0,104,283
2026-04-08 09:14:33,Anderson,laptop-ANDERSON,empresaX,18.2,2400.0,60.2,9.48,6.25,15.73,75.0,357.06,118.91,475.97,5.03,0.02,0.96,0.98,200,301
2026-04-08 09:15:33,Anderson,laptop-ANDERSON,empresaX,5.1,2400.0,59.8,9.4,6.33,15.73,75.0,357.14,118.83,475.97,0.05,0.02,0.04,0.06,197,294
2026-04-08 09:16:33,Anderson,laptop-ANDERSON,empresaX,9.6,2400.0,59.5,9.37,6.37,15.739999999999998,75.0,357.15,118.82,475.97,0.01,0.0,0.0,0.0,171,293
2026-04-08 09:17:33,Anderson,laptop-ANDERSON,empresaX,8.7,2400.0,62.5,9.84,5.9,15.74,75.0,357.15,118.81,475.97,0.15,0.0,0.0,0.0,138,301
2026-04-08 09:18:33,Anderson,laptop-ANDERSON,empresaX,13.4,2400.0,67.7,10.64,5.09,15.73,75.0,357.05,118.92,475.97,1.91,0.0,0.0,0.0,203,309
2026-04-08 09:19:33,Anderson,laptop-ANDERSON,empresaX,10.2,2400.0,68.4,10.76,4.97,15.73,75.0,357.06,118.91,475.97,3.02,0.02,0.92,0.94,233,315
2026-04-08 09:20:33,Anderson,laptop-ANDERSON,empresaX,8.3,2400.0,67.6,10.64,5.09,15.73,75.0,357.02,118.94,475.97,0.0,0.0,0.0,0.0,175,312
2026-04-08 09:21:33,Anderson,laptop-ANDERSON,empresaX,14.6,2400.0,68.7,10.81,4.92,15.73,75.0,357.03,118.93,475.97,2.36,0.01,0.01,0.02,178,318
2026-04-08 09:22:33,Anderson,laptop-ANDERSON,empresaX,17.0,2400.0,68.5,10.77,4.96,15.73,75.0,357.03,118.93,475.97,0.22,0.0,0.01,0.01,139,314
2026-04-08 09:23:33,Anderson,laptop-ANDERSON,empresaX,15.3,2400.0,66.7,10.5,5.23,15.73,75.0,357.03,118.93,475.97,0.03,0.0,0.0,0.0,141,312
2026-04-08 09:24:33,Anderson,laptop-ANDERSON,empresaX,9.1,2400.0,67.4,10.61,5.12,15.73,75.0,357.03,118.93,475.97,1.05,0.0,0.0,0.0,144,315
2026-04-08 09:25:33,Anderson,laptop-ANDERSON,empresaX,7.9,2400.0,66.8,10.51,5.22,15.73,75.0,357.03,118.93,475.97,0.18,0.0,0.0,0.0,126,311
2026-04-08 09:26:33,Anderson,laptop-ANDERSON,empresaX,7.9,2400.0,66.6,10.47,5.26,15.73,75.0,357.03,118.93,475.97,0.01,0.0,0.0,0.0,114,309
2026-04-08 09:27:33,Anderson,laptop-ANDERSON,empresaX,7.4,2400.0,65.0,10.22,5.51,15.73,75.0,357.03,118.93,475.97,0.04,0.0,0.0,0.0,109,308
2026-04-08 09:28:33,Anderson,laptop-ANDERSON,empresaX,7.4,2400.0,64.8,10.19,5.54,15.73,75.0,357.03,118.94,475.97,0.0,0.0,0.0,0.0,106,306
2026-04-08 09:29:33,Anderson,laptop-ANDERSON,empresaX,5.8,2400.0,64.7,10.18,5.55,15.73,75.0,357.03,118.94,475.97,0.35,0.0,0.0,0.0,99,305
2026-04-08 09:30:33,Anderson,laptop-ANDERSON,empresaX,11.5,2400.0,65.8,10.35,5.38,15.73,75.0,357.03,118.93,475.97,0.0,0.0,0.01,0.01,116,307
2026-04-08 09:31:33,Anderson,laptop-ANDERSON,empresaX,17.1,2400.0,66.7,10.5,5.23,15.73,75.0,357.03,118.93,475.97,0.09,0.01,0.01,0.02,167,306
2026-04-08 09:32:33,Anderson,laptop-ANDERSON,empresaX,10.0,2400.0,64.6,10.16,5.57,15.73,75.0,357.04,118.93,475.97,0.01,0.0,0.0,0.0,164,307
2026-04-08 09:33:33,Anderson,laptop-ANDERSON,empresaX,6.7,2400.0,64.7,10.18,5.55,15.73,75.0,357.04,118.93,475.97,0.0,0.0,0.0,0.0,140,306
2026-04-08 09:34:33,Anderson,laptop-ANDERSON,empresaX,6.1,1520.0,65.1,10.25,5.48,15.73,75.0,357.03,118.93,475.97,0.05,0.01,0.0,0.01,147,306
2026-04-08 09:35:33,Anderson,laptop-ANDERSON,empresaX,9.0,2400.0,65.1,10.25,5.48,15.73,75.0,357.03,118.93,475.97,0.08,0.0,0.0,0.0,152,306
2026-04-08 09:36:33,Anderson,laptop-ANDERSON,empresaX,9.0,2400.0,66.9,10.53,5.2,15.73,75.0,357.04,118.93,475.97,0.21,0.02,0.02,0.04,189,315
2026-04-08 09:37:33,Anderson,laptop-ANDERSON,empresaX,12.2,2400.0,65.3,10.27,5.46,15.73,75.0,357.04,118.93,475.97,0.0,0.0,0.0,0.0,160,315
2026-04-08 09:38:33,Anderson,laptop-ANDERSON,empresaX,4.4,2400.0,65.1,10.24,5.49,15.73,75.0,357.04,118.93,475.97,0.0,0.0,0.0,0.0,147,313
2026-04-08 09:39:33,Anderson,laptop-ANDERSON,empresaX,5.3,2400.0,65.1,10.24,5.49,15.73,75.0,357.04,118.93,475.97,0.04,0.0,0.0,0.0,141,314
2026-04-08 09:40:33,Anderson,laptop-ANDERSON,empresaX,4.4,2400.0,64.9,10.21,5.52,15.73,75.0,357.04,118.93,475.97,0.07,0.0,0.0,0.0,133,310
2026-04-08 09:41:33,Anderson,laptop-ANDERSON,empresaX,10.1,2400.0,63.8,10.04,5.69,15.73,75.0,356.94,119.03,475.97,302.7,0.0,0.03,0.03,138,327
2026-04-08 09:42:33,Anderson,laptop-ANDERSON,empresaX,22.2,2400.0,63.6,10.01,5.72,15.73,75.0,356.94,119.03,475.97,7.8,0.0,0.0,0.0,118,322
2026-04-08 09:43:33,Anderson,laptop-ANDERSON,empresaX,11.2,1520.0,63.1,9.93,5.8,15.73,75.0,356.94,119.03,475.97,14.65,0.0,0.0,0.0,114,323
2026-04-08 09:44:33,Anderson,laptop-ANDERSON,empresaX,13.7,2400.0,62.7,9.86,5.87,15.73,75.0,356.94,119.03,475.97,0.05,0.0,0.0,0.0,106,323
2026-04-08 09:45:33,Anderson,laptop-ANDERSON,empresaX,13.5,2400.0,62.7,9.86,5.87,15.73,75.0,356.94,119.03,475.97,6.04,0.0,0.0,0.0,103,323
2026-04-08 09:46:33,Anderson,laptop-ANDERSON,empresaX,9.4,2400.0,62.7,9.86,5.87,15.73,75.0,357.12,118.84,475.97,2.45,0.0,0.0,0.0,101,318
2026-04-08 09:47:33,Anderson,laptop-ANDERSON,empresaX,12.4,2400.0,62.3,9.81,5.92,15.73,75.0,357.12,118.85,475.97,8.83,0.03,0.97,1.0,96,318
2026-04-08 09:48:33,Anderson,laptop-ANDERSON,empresaX,11.5,2400.0,62.5,9.83,5.9,15.73,75.0,357.12,118.85,475.97,1.69,0.0,0.0,0.0,97,321
2026-04-08 09:49:33,Anderson,laptop-ANDERSON,empresaX,9.0,2400.0,62.5,9.83,5.9,15.73,75.0,357.12,118.85,475.97,2.71,0.0,0.0,0.0,98,321
2026-04-08 09:50:33,Anderson,laptop-ANDERSON,empresaX,0.6,1520.0,62.4,9.82,5.92,15.74,75.0,357.12,118.85,475.97,0.0,0.0,0.0,0.0,96,316
2026-04-08 09:51:33,Anderson,laptop-ANDERSON,empresaX,12.8,2400.0,63.1,9.92,5.81,15.73,75.0,357.12,118.85,475.97,0.15,0.0,0.0,0.0,93,316
2026-04-08 09:52:33,Anderson,laptop-ANDERSON,empresaX,13.3,2400.0,61.9,9.74,5.99,15.73,75.0,357.13,118.84,475.97,0.38,0.0,0.0,0.0,92,316
2026-04-08 09:58:10,Anderson,laptop-ANDERSON,empresaX,8.4,2400.0,64.4,10.13,5.6,15.73,75.0,357.15,118.81,475.97,0.8,0.0,0.01,0.01,125,319
2026-04-08 09:59:10,Anderson,laptop-ANDERSON,empresaX,13.3,2400.0,62.4,9.82,5.91,15.73,75.0,357.17,118.79,475.97,0.81,0.0,0.01,0.01,140,309
2026-04-08 10:00:10,Anderson,laptop-ANDERSON,empresaX,20.1,2400.0,68.4,10.76,4.97,15.73,75.0,357.18,118.78,475.97,0.03,0.0,0.01,0.01,295,320
2026-04-08 10:01:10,Anderson,laptop-ANDERSON,empresaX,5.6,1520.0,65.7,10.33,5.4,15.73,75.0,357.18,118.78,475.97,0.61,0.0,0.0,0.0,287,309
2026-04-08 10:02:10,Anderson,laptop-ANDERSON,empresaX,8.5,1520.0,65.2,10.26,5.47,15.73,75.0,357.18,118.78,475.97,0.0,0.0,0.0,0.0,172,312
2026-04-08 10:03:10,Anderson,laptop-ANDERSON,empresaX,8.0,1520.0,64.7,10.17,5.56,15.73,75.0,357.18,118.78,475.97,0.0,0.0,0.01,0.01,169,309
2026-04-08 10:04:10,Anderson,laptop-ANDERSON,empresaX,7.9,2400.0,64.5,10.14,5.59,15.73,75.0,357.18,118.78,475.97,0.06,0.0,0.0,0.0,129,307
2026-04-08 10:05:10,Anderson,laptop-ANDERSON,empresaX,6.9,2400.0,64.1,10.08,5.65,15.73,75.0,357.18,118.78,475.97,0.0,0.0,0.0,0.0,171,306
2026-04-08 10:06:10,Anderson,laptop-ANDERSON,empresaX,11.2,1520.0,64.7,10.18,5.55,15.73,75.0,357.18,118.78,475.97,0.0,0.0,0.0,0.0,194,306
2026-04-08 10:07:10,Anderson,laptop-ANDERSON,empresaX,10.0,2400.0,65.3,10.27,5.46,15.73,75.0,357.17,118.8,475.97,0.0,0.0,0.0,0.0,310,306
2026-04-08 10:08:10,Anderson,laptop-ANDERSON,empresaX,3.2,2400.0,64.7,10.18,5.55,15.73,75.0,357.17,118.8,475.97,0.16,0.0,0.0,0.0,323,307
2026-04-08 10:09:10,Anderson,laptop-ANDERSON,empresaX,6.5,2400.0,65.1,10.23,5.5,15.73,75.0,357.17,118.8,475.97,0.03,0.0,0.0,0.0,177,305
2026-04-08 10:10:10,Anderson,laptop-ANDERSON,empresaX,7.0,1520.0,64.7,10.18,5.55,15.73,75.0,357.17,118.8,475.97,0.07,0.0,0.0,0.0,126,303
2026-04-08 10:11:10,Anderson,laptop-ANDERSON,empresaX,2.0,2400.0,67.5,10.62,5.11,15.73,75.1,357.22,118.75,475.97,0.23,0.0,0.0,0.0,125,305
2026-04-08 10:12:10,Anderson,laptop-ANDERSON,empresaX,4.4,2400.0,67.8,10.66,5.07,15.73,75.1,357.22,118.75,475.97,0.0,0.0,0.0,0.0,140,308
2026-04-08 10:13:10,Anderson,laptop-ANDERSON,empresaX,7.8,2400.0,67.4,10.61,5.12,15.73,75.1,357.22,118.74,475.97,0.08,0.0,0.0,0.0,147,311
2026-04-08 10:14:10,Anderson,laptop-ANDERSON,empresaX,5.7,1520.0,70.3,11.06,4.67,15.73,75.1,357.22,118.74,475.97,0.13,0.0,0.0,0.0,133,313
2026-04-08 10:15:10,Anderson,laptop-ANDERSON,empresaX,5.9,2400.0,70.1,11.03,4.7,15.73,75.1,357.22,118.74,475.97,0.0,0.0,0.0,0.0,124,312
2026-04-08 10:16:10,Anderson,laptop-ANDERSON,empresaX,4.7,2400.0,68.6,10.8,4.93,15.73,75.1,357.22,118.74,475.97,0.0,0.0,0.0,0.0,209,312
2026-04-08 10:17:10,Anderson,laptop-ANDERSON,empresaX,9.7,2400.0,68.3,10.75,4.98,15.73,75.1,357.22,118.74,475.97,6.8,0.0,0.0,0.0,310,313
2026-04-08 10:18:10,Anderson,laptop-ANDERSON,empresaX,4.9,2400.0,67.9,10.68,5.05,15.73,75.1,357.22,118.74,475.97,1.03,0.0,0.0,0.0,256,311
2026-04-08 10:19:10,Anderson,laptop-ANDERSON,empresaX,5.9,2400.0,67.9,10.68,5.05,15.73,75.1,357.22,118.74,475.97,0.07,0.0,0.0,0.0,205,311
2026-04-08 10:20:10,Anderson,laptop-ANDERSON,empresaX,6.3,2400.0,68.1,10.71,5.02,15.73,75.1,357.22,118.74,475.97,0.06,0.0,0.0,0.0,229,310
2026-04-08 10:21:10,Anderson,laptop-ANDERSON,empresaX,4.2,2400.0,68.2,10.73,5.0,15.73,75.1,357.22,118.74,475.97,0.2,0.0,0.01,0.01,211,310
2026-04-08 10:22:10,Anderson,laptop-ANDERSON,empresaX,6.9,2400.0,68.7,10.81,4.92,15.73,75.1,357.22,118.74,475.97,0.06,0.0,0.0,0.0,176,311
2026-04-08 10:23:10,Anderson,laptop-ANDERSON,empresaX,5.2,2400.0,69.3,10.91,4.82,15.73,75.1,357.22,118.74,475.97,0.83,0.0,0.0,0.0,169,312
2026-04-08 10:24:10,Anderson,laptop-ANDERSON,empresaX,7.2,1520.0,68.7,10.81,4.92,15.73,75.1,357.22,118.74,475.97,0.13,0.0,0.0,0.0,165,312
2026-04-08 10:25:10,Anderson,laptop-ANDERSON,empresaX,9.8,2400.0,68.8,10.82,4.91,15.73,75.1,357.22,118.74,475.97,0.16,0.0,0.0,0.0,133,313
2026-04-08 10:26:10,Anderson,laptop-ANDERSON,empresaX,9.4,1520.0,70.0,11.01,4.72,15.73,75.1,357.23,118.74,475.97,0.17,0.0,0.0,0.0,121,315
2026-04-08 10:27:10,Anderson,laptop-ANDERSON,empresaX,8.3,2400.0,69.9,11.0,4.73,15.73,75.1,357.23,118.74,475.97,0.2,0.0,0.0,0.0,147,314
2026-04-08 10:28:10,Anderson,laptop-ANDERSON,empresaX,6.6,2400.0,69.2,10.89,4.84,15.73,75.1,357.23,118.74,475.97,0.06,0.0,0.0,0.0,146,314
2026-04-08 10:29:10,Anderson,laptop-ANDERSON,empresaX,6.7,2400.0,69.2,10.89,4.85,15.74,75.1,357.23,118.74,475.97,0.09,0.0,0.0,0.0,97,313
2026-04-08 10:30:10,Anderson,laptop-ANDERSON,empresaX,10.5,1520.0,69.3,10.9,4.83,15.73,75.1,357.23,118.74,475.97,0.0,0.0,0.0,0.0,96,314
2026-04-08 10:31:10,Anderson,laptop-ANDERSON,empresaX,7.5,2400.0,69.4,10.91,4.82,15.73,75.1,357.23,118.74,475.97,0.06,0.0,0.0,0.0,131,313
2026-04-08 10:32:10,Anderson,laptop-ANDERSON,empresaX,42.2,2400.0,69.8,10.98,4.75,15.73,75.1,357.23,118.74,475.97,1.81,0.0,0.0,0.0,156,317
2026-04-08 10:33:10,Anderson,laptop-ANDERSON,empresaX,12.8,2400.0,68.6,10.79,4.94,15.73,75.1,357.23,118.74,475.97,1.54,0.0,0.0,0.0,147,313
2026-04-08 10:34:10,Anderson,laptop-ANDERSON,empresaX,10.4,2400.0,68.0,10.69,5.04,15.73,75.1,357.23,118.74,475.97,0.0,0.0,0.0,0.0,157,311
2026-04-08 10:35:10,Anderson,laptop-ANDERSON,empresaX,15.5,2400.0,68.1,10.71,5.02,15.73,75.1,357.23,118.74,475.97,0.0,0.0,0.0,0.0,166,311
2026-04-08 10:36:10,Anderson,laptop-ANDERSON,empresaX,12.0,2400.0,68.0,10.69,5.04,15.73,75.1,357.23,118.74,475.97,0.0,0.0,0.0,0.0,187,315
2026-04-08 10:37:10,Anderson,laptop-ANDERSON,empresaX,11.4,2400.0,68.0,10.7,5.03,15.73,75.1,357.23,118.74,475.97,0.2,0.0,0.0,0.0,180,310
2026-04-08 10:38:10,Anderson,laptop-ANDERSON,empresaX,10.0,2400.0,67.3,10.58,5.15,15.73,75.1,357.23,118.74,475.97,0.08,0.01,0.0,0.01,204,314
2026-04-08 10:39:10,Anderson,laptop-ANDERSON,empresaX,6.4,2400.0,68.1,10.71,5.02,15.73,75.1,357.24,118.73,475.97,0.0,0.0,0.0,0.0,180,315
2026-04-08 10:40:10,Anderson,laptop-ANDERSON,empresaX,12.7,1520.0,68.6,10.8,4.93,15.73,75.1,357.24,118.73,475.97,0.03,0.0,0.0,0.0,157,315
2026-04-08 10:41:10,Anderson,laptop-ANDERSON,empresaX,11.8,2400.0,68.6,10.8,4.94,15.740000000000002,75.1,357.24,118.73,475.97,0.01,0.0,0.0,0.0,156,316
2026-04-08 10:42:10,Anderson,laptop-ANDERSON,empresaX,10.8,1520.0,69.0,10.85,4.88,15.73,75.1,357.24,118.73,475.97,0.06,0.0,0.0,0.0,111,321
2026-04-08 10:43:10,Anderson,laptop-ANDERSON,empresaX,8.5,2400.0,67.1,10.56,5.17,15.73,75.1,357.24,118.73,475.97,0.1,0.0,0.0,0.0,133,316
2026-04-08 10:44:10,Anderson,laptop-ANDERSON,empresaX,9.2,2400.0,67.8,10.66,5.07,15.73,75.1,357.24,118.72,475.97,0.0,0.0,0.01,0.01,135,317
2026-04-08 10:45:10,Anderson,laptop-ANDERSON,empresaX,7.8,2400.0,67.9,10.67,5.06,15.73,75.1,357.24,118.72,475.97,0.02,0.01,0.0,0.01,107,317
2026-04-08 10:46:10,Anderson,laptop-ANDERSON,empresaX,10.6,1520.0,67.7,10.65,5.08,15.73,75.1,357.24,118.72,475.97,0.0,0.02,0.0,0.02,105,317
2026-04-08 10:47:10,Anderson,laptop-ANDERSON,empresaX,6.0,2400.0,68.0,10.69,5.04,15.73,75.1,357.24,118.72,475.97,0.0,0.0,0.0,0.0,104,316
2026-04-08 10:48:10,Anderson,laptop-ANDERSON,empresaX,13.5,2400.0,65.4,10.3,5.44,15.740000000000002,75.1,357.24,118.72,475.97,0.0,0.01,0.0,0.01,108,316
2026-04-08 10:49:10,Anderson,laptop-ANDERSON,empresaX,15.1,2400.0,65.3,10.28,5.45,15.73,75.1,357.24,118.72,475.97,0.0,0.0,0.0,0.0,107,315
2026-04-08 10:50:10,Anderson,laptop-ANDERSON,empresaX,5.8,2400.0,64.9,10.21,5.52,15.73,75.1,357.24,118.72,475.97,0.06,0.0,0.0,0.0,106,315
2026-04-08 10:51:10,Anderson,laptop-ANDERSON,empresaX,5.3,2400.0,65.7,10.33,5.4,15.73,75.1,357.24,118.72,475.97,0.08,0.01,0.01,0.02,108,325
2026-04-08 10:52:10,Anderson,laptop-ANDERSON,empresaX,13.3,2400.0,65.1,10.24,5.49,15.73,75.1,357.24,118.72,475.97,0.0,0.0,0.0,0.0,109,317
2026-04-08 10:53:10,Anderson,laptop-ANDERSON,empresaX,11.4,2400.0,65.1,10.23,5.5,15.73,75.1,357.24,118.73,475.97,0.0,0.0,0.0,0.0,112,317
2026-04-08 10:54:10,Anderson,laptop-ANDERSON,empresaX,5.7,2400.0,64.5,10.14,5.59,15.73,75.1,357.24,118.73,475.97,0.06,0.0,0.0,0.0,105,317
2026-04-08 10:55:10,Anderson,laptop-ANDERSON,empresaX,4.3,1520.0,64.4,10.13,5.6,15.73,75.1,357.24,118.73,475.97,0.0,0.0,0.0,0.0,100,316
2026-04-08 10:56:10,Anderson,laptop-ANDERSON,empresaX,10.2,2400.0,64.6,10.16,5.57,15.73,75.1,357.24,118.73,475.97,0.02,0.0,0.0,0.0,101,317
2026-04-14 18:18:22,Aurora,laptop-AURORA,empresaX,12.1,1520.0,92.9,14.61,1.12,15.73,78.8,375.14,100.83,475.97,0.26,0.18,0.01,0.19,160,335
2026-04-14 18:19:22,Aurora,laptop-AURORA,empresaX,6.7,2400.0,60.9,9.58,6.15,15.73,78.8,375.09,100.88,475.97,0.04,0.05,0.01,0.06,131,290
2026-04-14 18:20:22,Aurora,laptop-AURORA,empresaX,24.9,2400.0,64.0,10.07,5.66,15.73,78.8,375.1,100.87,475.97,0.04,0.14,0.01,0.15,180,302
2026-04-14 18:21:22,Aurora,laptop-AURORA,empresaX,11.4,2400.0,63.7,10.02,5.71,15.73,78.8,375.1,100.86,475.97,0.13,0.23,0.01,0.24,122,302
2026-04-14 18:22:22,Aurora,laptop-AURORA,empresaX,13.8,1520.0,64.2,10.09,5.64,15.73,78.8,375.11,100.85,475.97,15.95,0.14,0.02,0.16,136,303
2026-04-14 18:23:22,Aurora,laptop-AURORA,empresaX,21.7,2400.0,63.6,10.01,5.72,15.73,78.8,375.11,100.86,475.97,0.71,0.08,0.67,0.75,98,302
2026-04-14 18:24:22,Aurora,laptop-AURORA,empresaX,11.7,2400.0,63.6,10.01,5.72,15.73,78.8,375.11,100.86,475.97,0.31,0.27,0.29,0.56,93,301
2026-04-14 18:25:22,Aurora,laptop-AURORA,empresaX,17.2,2400.0,64.4,10.14,5.59,15.73,78.8,375.11,100.86,475.97,0.2,0.31,0.13,0.44,101,301
2026-04-14 18:26:22,Aurora,laptop-AURORA,empresaX,16.9,2400.0,64.0,10.06,5.67,15.73,78.8,375.11,100.86,475.97,0.0,0.28,0.01,0.29,103,303
2026-04-14 18:27:22,Aurora,laptop-AURORA,empresaX,21.5,2400.0,65.5,10.3,5.43,15.73,78.8,375.1,100.87,475.97,0.1,0.31,0.01,0.32,102,306
2026-04-14 18:28:22,Aurora,laptop-AURORA,empresaX,11.8,2400.0,62.4,9.82,5.91,15.73,78.8,375.1,100.87,475.97,0.0,0.28,0.01,0.29,95,303
2026-04-14 18:29:22,Aurora,laptop-AURORA,empresaX,10.6,2400.0,63.0,9.91,5.82,15.73,78.8,375.1,100.87,475.97,0.01,0.31,4.05,4.36,89,302
2026-04-14 18:30:22,Aurora,laptop-AURORA,empresaX,11.8,2400.0,63.5,10.0,5.74,15.74,78.8,375.1,100.87,475.97,0.52,0.32,0.13,0.45,94,301
2026-04-14 18:31:22,Aurora,laptop-AURORA,empresaX,12.6,2400.0,62.9,9.9,5.83,15.73,78.8,375.11,100.85,475.97,10.45,0.28,0.01,0.29,92,301
2026-04-14 18:32:22,Aurora,laptop-AURORA,empresaX,15.4,2400.0,63.0,9.92,5.81,15.73,78.8,375.1,100.87,475.97,0.77,0.32,0.01,0.33,91,301
2026-04-14 18:33:22,Aurora,laptop-AURORA,empresaX,45.1,2400.0,63.2,9.94,5.79,15.73,78.8,375.1,100.87,475.97,115.03,0.29,0.14,0.43,85,305
2026-04-14 18:34:22,Aurora,laptop-AURORA,empresaX,13.8,2400.0,63.4,9.97,5.76,15.73,78.8,375.1,100.87,475.97,0.01,0.26,0.01,0.27,90,303
2026-04-14 18:35:22,Aurora,laptop-AURORA,empresaX,13.7,2400.0,63.6,10.01,5.72,15.73,78.8,375.1,100.87,475.97,0.0,0.35,0.22,0.57,98,302
2026-04-14 18:36:22,Aurora,laptop-AURORA,empresaX,19.9,2400.0,63.7,10.01,5.72,15.73,78.8,375.1,100.87,475.97,0.25,0.29,0.02,0.31,99,303
2026-04-14 18:37:22,Aurora,laptop-AURORA,empresaX,9.0,2400.0,62.6,9.85,5.88,15.73,78.8,375.1,100.87,475.97,0.09,0.28,0.31,0.59,86,302
2026-04-14 18:38:22,Aurora,laptop-AURORA,empresaX,9.5,2400.0,64.0,10.07,5.66,15.73,78.8,375.1,100.87,475.97,0.0,0.3,0.01,0.31,90,302
2026-04-14 18:39:22,Aurora,laptop-AURORA,empresaX,8.5,2400.0,63.9,10.05,5.68,15.73,78.8,375.1,100.86,475.97,0.19,0.29,0.01,0.3,98,303
2026-04-14 18:40:22,Aurora,laptop-AURORA,empresaX,8.5,2400.0,63.6,10.0,5.73,15.73,78.8,375.1,100.86,475.97,0.13,0.32,0.14,0.46,96,303
2026-04-14 18:41:22,Aurora,laptop-AURORA,empresaX,7.8,2400.0,63.3,9.96,5.77,15.73,78.8,375.1,100.86,475.97,0.04,0.31,0.01,0.32,86,301
2026-04-14 18:42:22,Aurora,laptop-AURORA,empresaX,7.5,2400.0,62.9,9.9,5.83,15.73,78.8,375.1,100.86,475.97,0.03,0.26,0.01,0.27,86,302
2026-04-14 18:43:22,Aurora,laptop-AURORA,empresaX,7.0,2400.0,63.2,9.94,5.79,15.73,78.8,375.1,100.86,475.97,0.01,0.31,0.34,0.65,87,303
2026-04-14 18:44:22,Aurora,laptop-AURORA,empresaX,11.0,2400.0,63.8,10.04,5.69,15.73,78.8,375.1,100.86,475.97,0.0,0.29,0.01,0.3,90,303
2026-04-14 18:45:22,Aurora,laptop-AURORA,empresaX,16.6,2400.0,64.0,10.07,5.66,15.73,78.8,375.11,100.86,475.97,0.06,0.27,0.01,0.28,104,302
2026-04-14 18:46:22,Aurora,laptop-AURORA,empresaX,21.4,2400.0,64.2,10.1,5.63,15.73,78.8,375.1,100.86,475.97,0.12,0.3,0.14,0.44,95,302
2026-04-14 18:47:22,Aurora,laptop-AURORA,empresaX,9.0,1520.0,63.4,9.97,5.76,15.73,78.8,375.11,100.86,475.97,0.0,0.27,0.01,0.28,86,302
2026-04-14 18:48:22,Aurora,laptop-AURORA,empresaX,15.2,1520.0,64.6,10.17,5.56,15.73,78.8,375.1,100.87,475.97,0.94,0.27,0.15,0.42,116,304
2026-04-14 18:49:22,Aurora,laptop-AURORA,empresaX,10.8,2400.0,63.5,9.98,5.75,15.73,78.8,375.1,100.87,475.97,0.14,0.29,0.01,0.3,100,303
2026-04-14 18:50:22,Aurora,laptop-AURORA,empresaX,13.0,1520.0,64.3,10.11,5.62,15.73,78.8,375.1,100.87,475.97,8.3,0.16,0.01,0.17,120,304
2026-04-14 18:51:22,Aurora,laptop-AURORA,empresaX,7.0,2400.0,64.0,10.07,5.66,15.73,78.8,375.1,100.87,475.97,0.2,0.15,0.01,0.16,103,304
2026-04-14 18:52:22,Aurora,laptop-AURORA,empresaX,4.5,2400.0,63.5,9.99,5.74,15.73,78.8,375.1,100.87,475.97,0.11,0.01,0.0,0.01,90,304
2026-04-14 18:53:22,Aurora,laptop-AURORA,empresaX,8.9,2400.0,64.3,10.11,5.62,15.73,78.8,375.1,100.87,475.97,0.29,0.0,0.0,0.0,100,303
2026-04-14 18:54:22,Aurora,laptop-AURORA,empresaX,9.7,2400.0,63.2,9.94,5.79,15.73,78.8,375.1,100.86,475.97,0.13,0.0,0.0,0.0,92,304
2026-04-14 18:55:22,Aurora,laptop-AURORA,empresaX,31.5,2400.0,63.1,9.92,5.81,15.73,78.8,375.1,100.86,475.97,0.0,0.06,1.46,1.52,89,302
2026-04-14 18:56:22,Aurora,laptop-AURORA,empresaX,31.9,2400.0,63.3,9.95,5.78,15.73,78.8,375.1,100.86,475.97,0.85,0.01,0.01,0.02,95,302
2026-04-14 18:57:22,Aurora,laptop-AURORA,empresaX,19.6,2400.0,62.8,9.87,5.86,15.73,78.8,375.1,100.86,475.97,0.05,0.06,1.56,1.62,90,301
2026-04-14 18:58:22,Aurora,laptop-AURORA,empresaX,11.8,2400.0,63.6,10.01,5.72,15.73,78.8,375.11,100.86,475.97,1.62,0.01,0.0,0.01,97,301
2026-04-14 18:59:22,Aurora,laptop-AURORA,empresaX,10.5,2400.0,63.3,9.95,5.78,15.73,78.8,375.11,100.86,475.97,0.11,0.01,0.0,0.01,96,306
2026-04-14 19:00:22,Aurora,laptop-AURORA,empresaX,13.2,2400.0,63.5,9.99,5.74,15.73,78.8,375.11,100.86,475.97,0.0,0.0,0.0,0.0,99,305
2026-04-14 19:01:22,Aurora,laptop-AURORA,empresaX,18.1,2400.0,62.0,9.75,5.98,15.73,78.8,375.11,100.86,475.97,0.05,0.0,0.0,0.0,89,308
2026-04-14 19:02:22,Aurora,laptop-AURORA,empresaX,14.6,2400.0,62.1,9.77,5.96,15.73,78.9,375.33,100.64,475.97,0.07,0.01,0.0,0.01,88,303
2026-04-14 19:03:22,Aurora,laptop-AURORA,empresaX,20.4,1520.0,62.0,9.76,5.97,15.73,78.9,375.32,100.64,475.97,0.03,0.01,0.0,0.01,88,302
2026-04-14 19:04:22,Aurora,laptop-AURORA,empresaX,12.0,2400.0,61.8,9.72,6.01,15.73,78.9,375.36,100.61,475.97,8.77,0.01,0.0,0.01,86,301
2026-04-14 19:05:22,Aurora,laptop-AURORA,empresaX,11.7,2400.0,62.1,9.77,5.96,15.73,78.9,375.32,100.64,475.97,0.26,0.01,0.0,0.01,92,301
2026-04-14 19:06:22,Aurora,laptop-AURORA,empresaX,37.3,2400.0,61.8,9.72,6.01,15.73,78.9,375.32,100.64,475.97,0.34,0.01,0.01,0.02,97,302
2026-04-14 19:07:22,Aurora,laptop-AURORA,empresaX,30.3,2400.0,62.1,9.77,5.96,15.73,78.9,375.33,100.64,475.97,8.91,0.01,0.01,0.02,95,303
2026-04-14 19:08:22,Aurora,laptop-AURORA,empresaX,14.9,1520.0,62.1,9.77,5.96,15.73,78.9,375.33,100.64,475.97,0.09,0.01,0.0,0.01,97,301
2026-04-14 19:09:22,Aurora,laptop-AURORA,empresaX,22.1,2400.0,61.9,9.74,5.99,15.73,78.9,375.33,100.64,475.97,0.17,0.01,0.0,0.01,89,302
2026-04-14 19:10:22,Aurora,laptop-AURORA,empresaX,16.5,1520.0,61.4,9.65,6.08,15.73,78.9,375.33,100.64,475.97,0.11,0.01,0.01,0.02,104,301
2026-04-14 19:11:22,Aurora,laptop-AURORA,empresaX,13.4,2400.0,62.0,9.75,5.98,15.73,78.9,375.33,100.64,475.97,0.05,0.01,0.0,0.01,92,301
2026-04-14 19:12:22,Aurora,laptop-AURORA,empresaX,11.0,2400.0,62.0,9.75,5.98,15.73,78.9,375.33,100.64,475.97,0.13,0.01,0.0,0.01,87,303
2026-04-14 19:13:22,Aurora,laptop-AURORA,empresaX,6.4,2400.0,61.7,9.7,6.03,15.73,78.9,375.33,100.64,475.97,0.06,0.0,0.0,0.0,91,299
2026-04-14 19:14:22,Aurora,laptop-AURORA,empresaX,6.8,2400.0,61.7,9.71,6.02,15.73,78.9,375.33,100.64,475.97,0.0,0.01,0.0,0.01,84,299
2026-04-14 19:15:22,Aurora,laptop-AURORA,empresaX,5.8,2400.0,62.3,9.79,5.94,15.73,78.9,375.33,100.64,475.97,0.0,0.01,0.0,0.01,101,300
2026-04-14 19:16:22,Aurora,laptop-AURORA,empresaX,14.5,2400.0,63.5,9.99,5.74,15.73,78.9,375.33,100.63,475.97,0.44,0.01,0.01,0.02,110,304
2026-04-14 19:17:22,Aurora,laptop-AURORA,empresaX,8.9,2400.0,62.7,9.86,5.87,15.73,78.9,375.33,100.63,475.97,0.17,0.0,0.0,0.0,98,303
2026-04-14 19:18:22,Aurora,laptop-AURORA,empresaX,6.9,2400.0,62.8,9.88,5.85,15.73,78.9,375.33,100.63,475.97,0.08,0.0,0.0,0.0,97,303
2026-04-14 19:19:22,Aurora,laptop-AURORA,empresaX,7.7,2400.0,62.7,9.87,5.86,15.73,78.9,375.33,100.63,475.97,0.22,0.0,0.0,0.0,97,303
2026-04-14 19:20:22,Aurora,laptop-AURORA,empresaX,13.4,2400.0,62.0,9.75,5.98,15.73,78.9,375.33,100.63,475.97,0.06,0.0,0.0,0.0,95,301
2026-04-14 19:21:22,Aurora,laptop-AURORA,empresaX,9.8,2400.0,61.6,9.7,6.03,15.73,78.9,375.33,100.63,475.97,1.63,0.0,0.0,0.0,87,300
2026-04-14 19:22:22,Aurora,laptop-AURORA,empresaX,10.0,1520.0,61.3,9.64,6.09,15.73,78.9,375.33,100.63,475.97,0.11,0.01,0.0,0.01,86,301
2026-04-14 19:23:22,Aurora,laptop-AURORA,empresaX,10.5,2400.0,61.5,9.67,6.06,15.73,78.9,375.33,100.63,475.97,0.0,0.0,0.0,0.0,85,300
2026-04-14 19:24:22,Aurora,laptop-AURORA,empresaX,9.7,1520.0,61.3,9.65,6.08,15.73,78.9,375.33,100.63,475.97,0.01,0.01,0.0,0.01,82,298
2026-04-14 19:25:22,Aurora,laptop-AURORA,empresaX,9.7,2400.0,62.6,9.85,5.88,15.73,78.9,375.34,100.63,475.97,0.0,0.0,0.0,0.0,94,300
2026-04-14 19:26:22,Aurora,laptop-AURORA,empresaX,21.7,2400.0,62.4,9.82,5.91,15.73,78.9,375.33,100.63,475.97,1.06,0.05,1.51,1.56,95,300
2026-04-14 19:27:22,Aurora,laptop-AURORA,empresaX,8.5,2400.0,61.9,9.74,5.99,15.73,78.9,375.34,100.63,475.97,0.1,0.01,0.0,0.01,92,303
2026-04-14 19:28:22,Aurora,laptop-AURORA,empresaX,6.9,2400.0,62.1,9.77,5.96,15.73,78.9,375.34,100.63,475.97,0.11,0.0,0.0,0.0,95,299
2026-04-14 19:29:22,Aurora,laptop-AURORA,empresaX,9.4,2400.0,62.0,9.75,5.98,15.73,78.9,375.34,100.62,475.97,0.0,0.0,0.0,0.0,91,299
2026-04-14 19:30:22,Aurora,laptop-AURORA,empresaX,7.5,1520.0,61.2,9.63,6.1,15.73,78.9,375.34,100.62,475.97,0.13,0.01,0.0,0.01,90,299
2026-04-14 19:31:22,Aurora,laptop-AURORA,empresaX,8.5,2400.0,60.8,9.56,6.17,15.73,78.9,375.34,100.62,475.97,0.0,0.01,0.0,0.01,85,298
2026-04-14 19:32:22,Aurora,laptop-AURORA,empresaX,25.4,1520.0,60.7,9.54,6.19,15.73,78.9,375.34,100.62,475.97,16.96,0.03,0.03,0.06,94,300
2026-04-14 19:33:22,Aurora,laptop-AURORA,empresaX,28.2,2400.0,61.4,9.66,6.07,15.73,78.9,375.34,100.62,475.97,1.09,0.02,0.01,0.03,90,305
2026-04-14 19:34:22,Aurora,laptop-AURORA,empresaX,10.3,1520.0,61.5,9.67,6.06,15.73,78.9,375.34,100.62,475.97,0.08,0.03,0.87,0.9,84,301
2026-04-14 19:35:22,Aurora,laptop-AURORA,empresaX,15.7,2400.0,61.5,9.68,6.05,15.73,78.9,375.34,100.62,475.97,0.07,0.0,0.0,0.0,86,301
2026-04-14 19:36:22,Aurora,laptop-AURORA,empresaX,36.3,2400.0,61.9,9.74,5.99,15.73,78.9,375.34,100.62,475.97,0.07,0.01,0.01,0.02,93,302
2026-04-14 19:37:22,Aurora,laptop-AURORA,empresaX,42.1,1520.0,61.7,9.71,6.02,15.73,78.9,375.34,100.62,475.97,0.58,0.02,0.13,0.15,96,304
2026-04-14 19:38:22,Aurora,laptop-AURORA,empresaX,17.4,2400.0,61.6,9.68,6.05,15.73,78.9,375.35,100.62,475.97,0.58,0.0,0.0,0.0,90,302
2026-04-14 19:39:22,Aurora,laptop-AURORA,empresaX,14.6,2400.0,61.6,9.69,6.04,15.73,78.9,375.34,100.62,475.97,0.0,0.01,0.16,0.17,86,302
2026-04-14 19:40:22,Aurora,laptop-AURORA,empresaX,14.2,2400.0,62.0,9.75,5.98,15.73,78.9,375.35,100.62,475.97,0.02,0.01,0.0,0.01,90,303
2026-04-14 19:41:22,Aurora,laptop-AURORA,empresaX,13.8,2400.0,61.6,9.68,6.05,15.73,78.9,375.35,100.62,475.97,0.0,0.0,0.0,0.0,84,301
2026-04-14 19:42:22,Aurora,laptop-AURORA,empresaX,11.4,2400.0,61.5,9.67,6.06,15.73,78.9,375.35,100.62,475.97,0.05,0.0,0.0,0.0,86,301
2026-04-14 19:43:22,Aurora,laptop-AURORA,empresaX,16.1,2400.0,61.7,9.7,6.03,15.73,78.9,375.35,100.62,475.97,0.12,0.0,0.0,0.0,91,301
2026-04-14 19:44:22,Aurora,laptop-AURORA,empresaX,10.1,2400.0,61.3,9.65,6.08,15.73,78.9,375.35,100.62,475.97,0.0,0.01,0.0,0.01,89,302
2026-04-14 19:45:22,Aurora,laptop-AURORA,empresaX,9.1,2400.0,61.4,9.66,6.07,15.73,78.9,375.35,100.62,475.97,0.0,0.0,0.0,0.0,92,300
2026-04-14 19:46:22,Aurora,laptop-AURORA,empresaX,20.4,1520.0,61.6,9.69,6.04,15.73,78.9,375.35,100.62,475.97,0.17,0.01,0.01,0.02,97,299
2026-04-14 19:47:22,Aurora,laptop-AURORA,empresaX,9.5,2400.0,61.0,9.59,6.14,15.73,78.9,375.35,100.62,475.97,0.0,0.01,0.0,0.01,88,299
2026-04-14 19:48:22,Aurora,laptop-AURORA,empresaX,8.2,2400.0,61.6,9.68,6.05,15.73,78.9,375.35,100.62,475.97,0.14,0.0,0.0,0.0,91,302
2026-04-14 19:49:22,Aurora,laptop-AURORA,empresaX,5.3,2400.0,61.3,9.65,6.08,15.73,78.9,375.34,100.62,475.97,0.02,0.01,0.0,0.01,83,301
2026-04-14 19:50:22,Aurora,laptop-AURORA,empresaX,6.2,2400.0,61.6,9.68,6.05,15.73,78.9,375.34,100.62,475.97,0.21,0.01,0.0,0.01,95,301
2026-04-14 19:51:22,Aurora,laptop-AURORA,empresaX,18.9,2400.0,61.1,9.62,6.11,15.73,78.9,375.34,100.62,475.97,0.0,0.01,0.01,0.02,90,300
2026-04-14 19:52:22,Aurora,laptop-AURORA,empresaX,9.8,2400.0,62.0,9.75,5.98,15.73,78.9,375.34,100.62,475.97,0.12,0.04,1.33,1.37,96,302
2026-04-14 19:53:22,Aurora,laptop-AURORA,empresaX,12.8,2400.0,61.5,9.68,6.05,15.73,78.9,375.35,100.61,475.97,0.0,0.01,0.0,0.01,91,300
2026-04-14 19:54:22,Aurora,laptop-AURORA,empresaX,18.5,1520.0,60.8,9.56,6.17,15.73,78.9,375.35,100.61,475.97,0.0,0.03,0.82,0.85,85,299
2026-04-14 19:55:22,Aurora,laptop-AURORA,empresaX,15.5,2400.0,61.3,9.65,6.08,15.73,78.9,375.38,100.59,475.97,0.46,0.02,0.01,0.03,87,304
2026-04-14 19:56:22,Aurora,laptop-AURORA,empresaX,17.9,2400.0,62.8,9.89,5.84,15.73,78.9,375.38,100.58,475.97,1.1,0.01,0.01,0.02,95,306
2026-04-14 19:57:22,Aurora,laptop-AURORA,empresaX,24.0,2400.0,61.3,9.65,6.08,15.73,78.9,375.38,100.58,475.97,0.04,0.01,0.0,0.01,90,304
2026-04-11 12:13:30,luana,laptop-LUANA,empresaX,23.3,1400.0,91.9,7.24,0.64,7.88,88.1,104.54,14.11,118.65,0.61,0.01,0.0,0.01,222,291
2026-04-11 12:14:30,luana,laptop-LUANA,empresaX,33.1,1600.0,85.9,6.77,1.11,7.88,88.1,104.55,14.11,118.65,0.42,0.01,0.13,0.14,212,292
2026-04-11 12:15:30,luana,laptop-LUANA,empresaX,47.9,1600.0,87.0,6.85,1.03,7.88,88.1,104.57,14.08,118.65,0.81,0.11,0.07,0.18,211,295
2026-04-11 12:16:30,luana,laptop-LUANA,empresaX,17.7,1400.0,90.2,7.11,0.77,7.880000000000001,88.1,104.57,14.08,118.65,0.55,0.01,0.0,0.01,244,290
2026-04-11 12:17:30,luana,laptop-LUANA,empresaX,34.7,1400.0,92.8,7.31,0.56,7.869999999999999,88.1,104.57,14.08,118.65,1.04,0.02,0.05,0.07,235,290
2026-04-11 12:18:30,luana,laptop-LUANA,empresaX,45.0,1400.0,89.5,7.05,0.83,7.88,88.1,104.57,14.08,118.65,0.48,0.0,0.0,0.0,233,290
2026-04-11 12:19:30,luana,laptop-LUANA,empresaX,26.8,1400.0,91.0,7.17,0.71,7.88,88.1,104.57,14.08,118.65,0.55,0.03,0.0,0.03,359,291
2026-04-11 12:20:30,luana,laptop-LUANA,empresaX,15.1,1400.0,93.2,7.34,0.54,7.88,88.1,104.57,14.08,118.65,0.22,0.01,0.0,0.01,457,295
2026-04-11 12:21:30,luana,laptop-LUANA,empresaX,61.0,1600.0,93.2,7.34,0.54,7.88,88.1,104.57,14.08,118.65,8.0,0.0,0.0,0.0,369,293
2026-04-11 12:22:30,luana,laptop-LUANA,empresaX,44.4,1400.0,93.3,7.35,0.53,7.88,88.1,104.58,14.08,118.65,3.31,0.0,0.2,0.2,366,293
2026-04-11 12:23:30,luana,laptop-LUANA,empresaX,33.5,1600.0,94.0,7.4,0.48,7.880000000000001,88.1,104.58,14.07,118.65,0.34,0.07,0.08,0.15,348,292
2026-04-11 12:24:30,luana,laptop-LUANA,empresaX,39.3,1400.0,88.4,6.96,0.92,7.88,88.1,104.57,14.08,118.65,0.49,0.01,0.01,0.02,297,290
2026-04-11 12:25:30,luana,laptop-LUANA,empresaX,27.0,1600.0,90.5,7.13,0.74,7.87,88.1,104.58,14.07,118.65,2.34,0.0,0.0,0.0,330,296
2026-04-11 12:26:30,luana,laptop-LUANA,empresaX,30.6,1400.0,90.2,7.11,0.77,7.880000000000001,88.1,104.57,14.08,118.65,0.21,0.01,0.0,0.01,302,292
2026-04-11 12:27:30,luana,laptop-LUANA,empresaX,34.6,1400.0,94.2,7.42,0.46,7.88,88.1,104.57,14.08,118.65,0.07,0.01,0.0,0.01,305,292
2026-04-11 12:28:30,luana,laptop-LUANA,empresaX,23.6,1400.0,91.6,7.22,0.66,7.88,88.1,104.58,14.07,118.65,0.54,0.03,0.02,0.05,408,291
2026-04-11 12:29:30,luana,laptop-LUANA,empresaX,35.0,1600.0,88.0,6.93,0.95,7.88,88.1,104.57,14.08,118.65,0.28,0.01,0.0,0.01,364,290
2026-04-11 12:30:30,luana,laptop-LUANA,empresaX,38.8,1400.0,90.6,7.14,0.74,7.88,88.1,104.58,14.07,118.65,0.29,0.01,0.0,0.01,412,296
2026-04-11 12:31:30,luana,laptop-LUANA,empresaX,51.5,1400.0,89.3,7.04,0.84,7.88,88.1,104.58,14.07,118.65,0.2,0.0,0.0,0.0,357,293
2026-04-11 12:32:30,luana,laptop-LUANA,empresaX,45.9,1400.0,91.0,7.17,0.71,7.88,88.1,104.58,14.07,118.65,3.29,0.01,0.0,0.01,369,293
2026-04-11 12:33:30,luana,laptop-LUANA,empresaX,39.3,1600.0,91.2,7.18,0.7,7.88,88.1,104.58,14.07,118.65,1.1,0.08,0.09,0.17,433,293
2026-04-11 12:34:30,luana,laptop-LUANA,empresaX,36.3,1600.0,89.7,7.07,0.81,7.880000000000001,88.1,104.58,14.07,118.65,0.14,0.0,0.0,0.0,374,292
2026-04-11 12:35:30,luana,laptop-LUANA,empresaX,34.5,1400.0,89.3,7.03,0.85,7.88,88.1,104.58,14.07,118.65,0.56,0.0,0.0,0.0,334,296
2026-04-11 12:36:30,luana,laptop-LUANA,empresaX,16.8,1400.0,88.4,6.97,0.91,7.88,88.1,104.58,14.07,118.65,0.31,0.02,0.0,0.02,246,292
2026-04-11 12:37:30,luana,laptop-LUANA,empresaX,25.6,1400.0,94.7,7.46,0.42,7.88,88.1,104.58,14.07,118.65,0.98,0.01,0.0,0.01,281,299
2026-04-11 12:38:30,luana,laptop-LUANA,empresaX,37.9,1400.0,95.0,7.48,0.39,7.87,88.1,104.59,14.06,118.65,1.38,0.02,0.04,0.06,308,294
2026-04-11 12:39:30,luana,laptop-LUANA,empresaX,30.2,1400.0,92.2,7.27,0.61,7.88,88.1,104.59,14.06,118.65,0.34,0.03,0.01,0.04,259,293
2026-04-11 12:40:30,luana,laptop-LUANA,empresaX,21.0,1400.0,94.0,7.4,0.47,7.87,88.1,104.58,14.07,118.65,1.14,0.0,0.0,0.0,229,301
2026-04-11 12:41:30,luana,laptop-LUANA,empresaX,47.4,1400.0,94.6,7.46,0.42,7.88,88.1,104.58,14.07,118.65,6.86,0.01,0.0,0.01,231,300
2026-04-11 12:42:30,luana,laptop-LUANA,empresaX,40.6,1400.0,95.1,7.49,0.39,7.88,88.1,104.58,14.07,118.65,0.59,0.01,0.0,0.01,407,301
2026-04-11 12:43:30,luana,laptop-LUANA,empresaX,49.9,1400.0,94.5,7.44,0.44,7.880000000000001,88.1,104.58,14.07,118.65,0.14,0.0,0.0,0.0,479,294
2026-04-11 12:44:30,luana,laptop-LUANA,empresaX,38.0,1400.0,87.8,6.92,0.96,7.88,88.1,104.58,14.07,118.65,0.88,0.01,0.0,0.01,392,292
2026-04-11 12:45:30,luana,laptop-LUANA,empresaX,51.9,1400.0,89.5,7.05,0.83,7.88,88.1,104.58,14.07,118.65,0.51,0.09,0.09,0.18,384,298
2026-04-11 12:46:30,luana,laptop-LUANA,empresaX,36.3,1600.0,91.5,7.21,0.67,7.88,88.1,104.58,14.07,118.65,0.31,0.01,0.0,0.01,464,292
2026-04-11 12:47:30,luana,laptop-LUANA,empresaX,36.3,1400.0,91.5,7.21,0.67,7.88,88.1,104.58,14.07,118.65,1.05,0.02,0.01,0.03,448,291
2026-04-11 12:48:30,luana,laptop-LUANA,empresaX,39.8,1400.0,91.8,7.23,0.64,7.87,88.1,104.58,14.07,118.65,0.19,0.01,0.0,0.01,388,292
2026-04-11 12:49:30,luana,laptop-LUANA,empresaX,38.5,1600.0,86.9,6.85,1.03,7.88,88.1,104.58,14.07,118.65,0.39,0.01,0.0,0.01,377,293
2026-04-11 12:50:30,luana,laptop-LUANA,empresaX,34.2,1400.0,88.3,6.95,0.92,7.87,88.1,104.58,14.07,118.65,0.41,0.01,0.0,0.01,408,296
2026-04-11 12:51:30,luana,laptop-LUANA,empresaX,53.0,1600.0,87.5,6.9,0.98,7.880000000000001,88.1,104.58,14.07,118.65,0.09,0.02,0.2,0.22,368,290
2026-04-11 12:52:30,luana,laptop-LUANA,empresaX,40.2,1400.0,87.8,6.91,0.96,7.87,88.1,104.58,14.07,118.65,0.38,0.0,0.0,0.0,396,291
2026-04-11 12:53:30,luana,laptop-LUANA,empresaX,52.2,1600.0,89.6,7.06,0.82,7.88,88.1,104.58,14.07,118.65,0.45,0.01,0.01,0.02,437,294
2026-04-11 12:54:30,luana,laptop-LUANA,empresaX,27.8,1600.0,92.3,7.27,0.61,7.88,89.0,105.61,13.04,118.65,0.23,0.0,0.0,0.0,357,297
2026-04-11 12:55:30,luana,laptop-LUANA,empresaX,16.3,1400.0,92.4,7.28,0.6,7.88,89.0,105.61,13.04,118.65,0.1,0.01,0.0,0.01,524,300
2026-04-11 12:56:30,luana,laptop-LUANA,empresaX,15.4,1400.0,91.3,7.19,0.68,7.87,89.0,105.61,13.04,118.65,0.24,0.0,0.0,0.0,499,297
2026-04-11 12:57:30,luana,laptop-LUANA,empresaX,37.8,1400.0,94.4,7.43,0.44,7.87,89.0,105.62,13.03,118.65,0.28,0.01,0.0,0.01,236,301
2026-04-11 12:58:30,luana,laptop-LUANA,empresaX,38.2,1400.0,91.4,7.2,0.68,7.88,89.0,105.62,13.03,118.65,0.38,0.02,0.0,0.02,219,298
2026-04-11 12:59:30,luana,laptop-LUANA,empresaX,40.7,1400.0,86.6,6.82,1.06,7.880000000000001,89.0,105.62,13.03,118.65,0.6,0.08,0.09,0.17,203,298
2026-04-11 13:00:30,luana,laptop-LUANA,empresaX,14.3,1600.0,91.4,7.2,0.68,7.88,89.0,105.62,13.03,118.65,0.32,0.01,0.0,0.01,202,301
2026-04-11 13:01:30,luana,laptop-LUANA,empresaX,34.3,1600.0,93.3,7.35,0.53,7.88,89.0,105.62,13.03,118.65,0.62,0.02,0.1,0.12,215,295
2026-04-11 13:02:30,luana,laptop-LUANA,empresaX,34.0,1400.0,90.8,7.15,0.73,7.880000000000001,89.0,105.62,13.03,118.65,1.2,0.0,0.05,0.05,338,293
2026-04-11 13:03:30,luana,laptop-LUANA,empresaX,14.6,1400.0,91.4,7.2,0.68,7.88,89.0,105.62,13.03,118.65,0.29,0.01,0.0,0.01,263,293
2026-04-11 13:04:30,luana,laptop-LUANA,empresaX,33.3,1400.0,87.9,6.93,0.95,7.88,89.0,105.62,13.03,118.65,0.63,0.03,0.02,0.05,253,292
2026-04-11 13:05:30,luana,laptop-LUANA,empresaX,25.4,1400.0,92.5,7.29,0.59,7.88,89.0,105.62,13.03,118.65,0.38,0.0,0.0,0.0,240,298
2026-04-11 13:06:30,luana,laptop-LUANA,empresaX,43.7,1600.0,91.4,7.2,0.68,7.88,89.0,105.62,13.03,118.65,0.5,0.08,0.09,0.17,211,294
2026-04-11 13:07:30,luana,laptop-LUANA,empresaX,19.4,1400.0,91.6,7.22,0.66,7.88,89.0,105.62,13.04,118.65,0.02,0.0,0.0,0.0,190,294
2026-04-11 13:08:30,luana,laptop-LUANA,empresaX,28.6,1400.0,92.3,7.27,0.6,7.869999999999999,89.0,105.62,13.03,118.65,0.33,0.01,0.0,0.01,200,294
2026-04-11 13:09:30,luana,laptop-LUANA,empresaX,26.5,1600.0,86.0,6.78,1.1,7.880000000000001,89.0,105.62,13.03,118.65,0.32,0.0,0.0,0.0,206,297
2026-04-11 13:10:30,luana,laptop-LUANA,empresaX,25.0,1400.0,87.6,6.9,0.98,7.880000000000001,89.0,105.62,13.03,118.65,0.22,0.0,0.0,0.0,200,301
2026-04-11 13:11:30,luana,laptop-LUANA,empresaX,39.0,1400.0,87.4,6.89,0.99,7.88,89.0,105.62,13.03,118.65,0.3,0.0,0.0,0.0,202,297
2026-04-11 13:12:30,luana,laptop-LUANA,empresaX,35.6,1400.0,87.3,6.88,1.0,7.88,89.0,105.62,13.03,118.65,0.18,0.01,0.01,0.02,205,296
2026-04-11 13:13:30,luana,laptop-LUANA,empresaX,14.9,1400.0,87.0,6.86,1.02,7.880000000000001,89.0,105.62,13.03,118.65,0.61,0.01,0.0,0.01,193,297
2026-04-11 13:14:30,luana,laptop-LUANA,empresaX,19.3,1400.0,83.9,6.61,1.27,7.880000000000001,89.0,105.62,13.03,118.65,0.21,0.02,0.01,0.03,184,296
2026-04-11 13:15:30,luana,laptop-LUANA,empresaX,29.7,1400.0,85.7,6.75,1.12,7.87,89.0,105.62,13.03,118.65,0.2,0.01,0.0,0.01,189,300
2026-04-11 13:16:30,luana,laptop-LUANA,empresaX,24.1,1400.0,84.1,6.63,1.25,7.88,89.0,105.62,13.03,118.65,0.39,0.02,0.01,0.03,179,297
2026-04-11 13:17:30,luana,laptop-LUANA,empresaX,20.1,1400.0,84.7,6.67,1.21,7.88,89.0,105.6,13.05,118.65,0.14,0.01,0.0,0.01,181,294
2026-04-11 13:18:30,luana,laptop-LUANA,empresaX,37.6,1400.0,85.0,6.69,1.18,7.87,89.0,105.6,13.06,118.65,0.25,0.07,0.01,0.08,184,294
2026-04-11 13:19:30,luana,laptop-LUANA,empresaX,59.3,1400.0,85.3,6.72,1.16,7.88,89.0,105.6,13.05,118.65,1.84,0.11,0.09,0.2,188,299
2026-04-11 13:20:30,luana,laptop-LUANA,empresaX,40.3,1400.0,85.5,6.73,1.14,7.87,89.0,105.59,13.06,118.65,1.84,0.03,0.01,0.04,179,301
2026-04-11 13:21:30,luana,laptop-LUANA,empresaX,36.1,1400.0,84.4,6.65,1.23,7.880000000000001,89.0,105.59,13.06,118.65,0.07,0.01,0.01,0.02,181,296
2026-04-11 13:22:30,luana,laptop-LUANA,empresaX,22.3,1400.0,84.9,6.68,1.19,7.869999999999999,89.0,105.59,13.06,118.65,0.32,0.02,0.01,0.03,218,297
2026-04-11 13:23:30,luana,laptop-LUANA,empresaX,69.4,1400.0,85.4,6.73,1.15,7.880000000000001,89.0,105.59,13.06,118.65,10.23,0.09,0.15,0.24,197,299
2026-04-11 13:24:30,luana,laptop-LUANA,empresaX,32.9,1400.0,84.2,6.63,1.24,7.87,89.0,105.6,13.05,118.65,0.38,0.03,0.01,0.04,187,298
2026-04-11 13:25:30,luana,laptop-LUANA,empresaX,28.5,1400.0,84.0,6.62,1.26,7.88,89.0,105.6,13.05,118.65,4.57,0.01,0.01,0.02,190,300
2026-04-11 13:26:30,luana,laptop-LUANA,empresaX,30.5,1600.0,83.7,6.59,1.28,7.87,89.0,105.6,13.05,118.65,0.15,0.07,0.06,0.13,191,296
2026-04-11 13:27:30,luana,laptop-LUANA,empresaX,31.3,1400.0,83.7,6.59,1.29,7.88,89.0,105.6,13.05,118.65,0.04,0.0,0.0,0.0,184,296
2026-04-11 13:28:30,luana,laptop-LUANA,empresaX,16.7,1400.0,86.0,6.77,1.11,7.88,89.0,105.6,13.05,118.65,0.93,0.01,0.0,0.01,188,296
2026-04-11 13:29:30,luana,laptop-LUANA,empresaX,33.9,1400.0,85.9,6.77,1.11,7.88,89.0,105.6,13.05,118.65,0.41,0.0,0.0,0.0,181,297
2026-04-11 13:30:30,luana,laptop-LUANA,empresaX,39.7,1400.0,87.0,6.86,1.02,7.880000000000001,89.0,105.6,13.05,118.65,0.84,0.0,0.0,0.0,193,300
2026-04-11 13:31:30,luana,laptop-LUANA,empresaX,49.7,1400.0,85.6,6.74,1.13,7.87,89.0,105.6,13.05,118.65,0.28,0.08,0.09,0.17,182,298
2026-04-11 13:32:30,luana,laptop-LUANA,empresaX,37.4,1400.0,88.0,6.93,0.94,7.869999999999999,89.0,105.6,13.05,118.65,0.49,0.0,0.0,0.0,205,298
2026-04-11 13:33:30,luana,laptop-LUANA,empresaX,24.6,1400.0,88.7,6.99,0.89,7.88,89.0,105.61,13.04,118.65,2.12,0.01,0.0,0.01,234,298
2026-04-11 13:34:30,luana,laptop-LUANA,empresaX,30.2,1600.0,89.7,7.06,0.82,7.88,89.0,105.61,13.04,118.65,0.25,0.01,0.0,0.01,247,300
2026-04-11 13:35:30,luana,laptop-LUANA,empresaX,29.6,1600.0,90.5,7.13,0.74,7.87,89.0,105.6,13.05,118.65,0.64,0.02,0.0,0.02,244,303
2026-04-11 13:36:30,luana,laptop-LUANA,empresaX,20.1,1600.0,86.9,6.84,1.03,7.87,89.0,105.61,13.04,118.65,0.35,0.0,0.0,0.0,209,300
2026-04-11 13:37:30,luana,laptop-LUANA,empresaX,17.5,1600.0,86.9,6.84,1.04,7.88,89.0,105.61,13.04,118.65,0.07,0.0,0.0,0.0,192,297
2026-04-11 13:38:30,luana,laptop-LUANA,empresaX,27.5,1600.0,90.0,7.09,0.79,7.88,89.0,105.61,13.04,118.65,0.4,0.01,0.0,0.01,244,299
2026-04-11 13:39:30,luana,laptop-LUANA,empresaX,37.5,1600.0,88.2,6.95,0.93,7.88,89.0,105.61,13.04,118.65,0.23,0.03,0.02,0.05,212,300
2026-04-11 13:40:30,luana,laptop-LUANA,empresaX,17.1,1600.0,90.5,7.13,0.75,7.88,89.0,105.62,13.03,118.65,0.24,0.01,0.0,0.01,200,305
2026-04-11 13:41:30,luana,laptop-LUANA,empresaX,24.5,1600.0,89.0,7.01,0.87,7.88,89.0,105.62,13.04,118.65,0.49,0.02,0.02,0.04,199,300
2026-04-11 13:42:30,luana,laptop-LUANA,empresaX,33.7,1600.0,88.5,6.97,0.91,7.88,89.0,105.62,13.03,118.65,0.66,0.0,0.0,0.0,192,299
2026-04-11 13:43:30,luana,laptop-LUANA,empresaX,32.7,1600.0,89.6,7.05,0.82,7.87,89.0,105.62,13.03,118.65,0.69,0.03,0.02,0.05,193,300
2026-04-11 13:44:30,luana,laptop-LUANA,empresaX,40.9,1600.0,87.0,6.85,1.03,7.88,89.0,105.62,13.03,118.65,0.11,0.02,0.01,0.03,187,298
2026-04-11 13:45:30,luana,laptop-LUANA,empresaX,24.9,1600.0,89.1,7.02,0.86,7.88,89.0,105.62,13.03,118.65,0.38,0.08,0.07,0.15,190,302
2026-04-11 13:46:30,luana,laptop-LUANA,empresaX,20.8,1600.0,87.2,6.87,1.01,7.88,89.0,105.61,13.04,118.65,0.06,0.03,0.02,0.05,182,298
2026-04-11 13:47:30,luana,laptop-LUANA,empresaX,31.7,1600.0,87.3,6.88,1.0,7.88,89.0,105.61,13.04,118.65,0.2,0.07,0.08,0.15,179,299
2026-04-11 13:48:30,luana,laptop-LUANA,empresaX,37.5,1600.0,93.7,7.38,0.5,7.88,89.0,105.61,13.04,118.65,47.58,0.02,0.05,0.07,259,299
2026-04-11 13:49:30,luana,laptop-LUANA,empresaX,23.8,1600.0,91.2,7.18,0.69,7.869999999999999,89.0,105.62,13.03,118.65,0.29,0.06,0.06,0.12,199,297
2026-04-11 13:50:30,luana,laptop-LUANA,empresaX,25.9,1600.0,91.7,7.22,0.65,7.87,89.0,105.62,13.03,118.65,0.06,0.03,0.14,0.17,200,300
2026-04-11 13:51:30,luana,laptop-LUANA,empresaX,41.3,1600.0,92.7,7.3,0.58,7.88,89.0,105.62,13.03,118.65,4.62,0.07,0.07,0.14,199,299
2026-04-11 13:52:30,luana,laptop-LUANA,empresaX,58.7,1600.0,93.1,7.33,0.54,7.87,89.0,105.62,13.03,118.65,7.31,0.01,0.0,0.01,247,300
2026-04-14 09:44:54,Luiz,laptop-LUIZ,empresaX,15.8,2400.0,63.9,10.06,5.67,15.73,78.9,375.76,100.2,475.97,0.62,0.0,0.0,0.0,93,318
2026-04-14 09:45:54,Luiz,laptop-LUIZ,empresaX,9.5,1520.0,64.1,10.09,5.64,15.73,78.9,375.76,100.2,475.97,0.11,0.0,0.0,0.0,90,320
2026-04-14 09:46:54,Luiz,laptop-LUIZ,empresaX,12.0,1520.0,63.8,10.04,5.69,15.73,78.9,375.76,100.2,475.97,2.91,0.01,0.18,0.19,88,321
2026-04-14 09:47:54,Luiz,laptop-LUIZ,empresaX,5.9,1520.0,64.1,10.08,5.65,15.73,78.9,375.76,100.2,475.97,0.08,0.0,0.0,0.0,81,321
2026-04-14 09:48:54,Luiz,laptop-LUIZ,empresaX,4.3,2400.0,63.9,10.05,5.68,15.73,78.9,375.76,100.2,475.97,0.05,0.0,0.0,0.0,80,314
2026-04-14 09:49:54,Luiz,laptop-LUIZ,empresaX,15.8,2400.0,63.4,9.97,5.76,15.73,78.9,375.76,100.2,475.97,2.0,0.0,0.01,0.01,76,306
2026-04-14 09:50:54,Luiz,laptop-LUIZ,empresaX,1.8,1520.0,55.6,8.75,6.98,15.73,78.9,375.75,100.22,475.97,0.0,0.0,0.0,0.0,80,283
2026-04-14 09:51:54,Luiz,laptop-LUIZ,empresaX,3.2,2400.0,55.8,8.77,6.96,15.73,78.9,375.75,100.22,475.97,0.0,0.0,0.0,0.0,86,285
2026-04-14 09:52:54,Luiz,laptop-LUIZ,empresaX,3.2,2400.0,55.7,8.77,6.96,15.73,78.9,375.75,100.22,475.97,0.07,0.0,0.01,0.01,78,284
2026-04-14 09:53:54,Luiz,laptop-LUIZ,empresaX,2.2,2400.0,54.6,8.59,7.14,15.73,78.9,375.75,100.22,475.97,0.0,0.0,0.0,0.0,76,290
2026-04-14 09:54:54,Luiz,laptop-LUIZ,empresaX,6.9,1520.0,54.6,8.58,7.15,15.73,78.9,375.75,100.22,475.97,0.02,0.0,0.01,0.01,77,288
2026-04-14 09:55:54,Luiz,laptop-LUIZ,empresaX,3.6,1520.0,53.6,8.44,7.29,15.73,78.9,375.75,100.22,475.97,0.0,0.0,0.0,0.0,67,288
2026-04-14 09:56:54,Luiz,laptop-LUIZ,empresaX,4.1,2400.0,54.9,8.63,7.1,15.73,78.9,375.75,100.22,475.97,0.0,0.0,0.0,0.0,70,290
2026-04-14 09:57:54,Luiz,laptop-LUIZ,empresaX,3.2,2400.0,54.8,8.62,7.11,15.73,78.9,375.75,100.22,475.97,0.09,0.0,0.0,0.0,74,287
2026-04-14 09:58:54,Luiz,laptop-LUIZ,empresaX,3.3,1520.0,54.1,8.51,7.22,15.73,78.9,375.75,100.22,475.97,0.28,0.0,0.0,0.0,70,286
2026-04-14 09:59:54,Luiz,laptop-LUIZ,empresaX,2.8,2400.0,54.3,8.54,7.19,15.73,78.9,375.75,100.22,475.97,0.11,0.0,0.01,0.01,72,286
2026-04-14 10:04:46,Luiz,laptop-LUIZ,empresaX,4.0,2400.0,58.9,9.27,6.46,15.73,78.9,375.75,100.21,475.97,0.79,0.0,0.0,0.0,113,294
2026-04-14 10:05:46,Luiz,laptop-LUIZ,empresaX,3.0,2400.0,61.3,9.64,6.09,15.73,78.9,375.75,100.21,475.97,0.0,0.0,0.0,0.0,108,297
2026-04-14 10:06:46,Luiz,laptop-LUIZ,empresaX,6.7,2400.0,61.1,9.61,6.12,15.73,78.9,375.75,100.21,475.97,0.06,0.0,0.0,0.0,85,297
2026-04-14 10:07:46,Luiz,laptop-LUIZ,empresaX,3.4,2400.0,64.0,10.07,5.66,15.73,78.9,375.75,100.21,475.97,0.01,0.0,0.0,0.0,79,303
2026-04-14 10:08:46,Luiz,laptop-LUIZ,empresaX,28.6,2400.0,81.8,12.87,2.86,15.729999999999999,78.9,375.75,100.21,475.97,1.18,0.0,0.0,0.0,239,311
2026-04-14 10:09:46,Luiz,laptop-LUIZ,empresaX,5.8,2400.0,82.1,12.91,2.82,15.73,78.9,375.75,100.21,475.97,0.0,0.0,0.01,0.01,239,311
2026-04-14 10:10:46,Luiz,laptop-LUIZ,empresaX,3.2,2400.0,81.9,12.89,2.84,15.73,78.9,375.75,100.21,475.97,0.0,0.0,0.0,0.0,119,309
2026-04-14 10:11:46,Luiz,laptop-LUIZ,empresaX,3.6,2400.0,82.3,12.95,2.78,15.729999999999999,78.9,375.76,100.21,475.97,0.0,0.0,0.01,0.01,169,310
2026-04-14 10:12:46,Luiz,laptop-LUIZ,empresaX,3.8,1520.0,82.1,12.92,2.82,15.74,78.9,375.76,100.21,475.97,0.15,0.0,0.01,0.01,172,309
2026-04-14 10:13:46,Luiz,laptop-LUIZ,empresaX,2.1,2400.0,82.2,12.93,2.8,15.73,78.9,375.76,100.21,475.97,0.0,0.0,0.0,0.0,139,311
2026-04-14 10:14:46,Luiz,laptop-LUIZ,empresaX,2.2,1520.0,75.2,11.83,3.9,15.73,78.9,375.76,100.21,475.97,0.0,0.0,0.0,0.0,122,313
2026-04-14 10:15:46,Luiz,laptop-LUIZ,empresaX,3.6,1520.0,75.8,11.92,3.81,15.73,78.9,375.76,100.21,475.97,0.0,0.0,0.01,0.01,118,313
2026-04-14 10:16:46,Luiz,laptop-LUIZ,empresaX,4.2,1520.0,76.1,11.97,3.76,15.73,78.9,375.76,100.21,475.97,0.0,0.0,0.0,0.0,112,313
2026-04-14 10:17:46,Luiz,laptop-LUIZ,empresaX,2.4,2400.0,76.6,12.05,3.68,15.73,78.9,375.76,100.21,475.97,0.03,0.0,0.01,0.01,109,312
2026-04-14 10:18:46,Luiz,laptop-LUIZ,empresaX,2.6,1520.0,76.9,12.1,3.63,15.73,78.9,375.76,100.21,475.97,0.03,0.0,0.0,0.0,102,312
2026-04-14 10:19:46,Luiz,laptop-LUIZ,empresaX,2.4,2400.0,77.4,12.17,3.56,15.73,78.9,375.76,100.21,475.97,0.01,0.0,0.01,0.01,110,311
2026-04-14 10:20:46,Luiz,laptop-LUIZ,empresaX,2.1,1520.0,76.9,12.09,3.64,15.73,78.9,375.76,100.21,475.97,0.0,0.0,0.0,0.0,109,314
2026-04-14 10:21:46,Luiz,laptop-LUIZ,empresaX,3.0,2400.0,76.7,12.07,3.66,15.73,78.9,375.76,100.21,475.97,0.0,0.0,0.0,0.0,102,309
2026-04-14 10:22:46,Luiz,laptop-LUIZ,empresaX,10.1,2400.0,79.6,12.53,3.2,15.73,78.9,375.77,100.19,475.97,0.0,0.0,0.01,0.01,131,309
2026-04-14 10:23:46,Luiz,laptop-LUIZ,empresaX,12.5,1520.0,78.7,12.38,3.35,15.73,78.9,375.77,100.19,475.97,0.0,0.0,0.0,0.0,139,309
2026-04-14 10:24:46,Luiz,laptop-LUIZ,empresaX,6.9,2400.0,79.9,12.56,3.17,15.73,78.9,375.77,100.19,475.97,0.0,0.0,0.01,0.01,140,311
2026-04-14 10:25:46,Luiz,laptop-LUIZ,empresaX,3.7,2400.0,79.7,12.54,3.19,15.729999999999999,78.9,375.77,100.19,475.97,0.05,0.0,0.0,0.0,142,311
2026-04-14 10:26:46,Luiz,laptop-LUIZ,empresaX,10.7,1520.0,80.3,12.64,3.09,15.73,79.0,375.78,100.18,475.97,0.05,0.0,0.01,0.01,163,314
2026-04-14 10:27:46,Luiz,laptop-LUIZ,empresaX,15.7,2400.0,82.3,12.95,2.78,15.729999999999999,79.0,375.98,99.98,475.97,0.37,0.0,0.03,0.03,168,314
2026-04-14 10:28:46,Luiz,laptop-LUIZ,empresaX,10.5,2400.0,88.1,13.85,1.88,15.73,79.0,376.15,99.81,475.97,14.23,0.0,0.0,0.0,201,324
2026-04-14 10:29:46,Luiz,laptop-LUIZ,empresaX,9.7,2400.0,86.6,13.62,2.11,15.729999999999999,79.0,376.15,99.81,475.97,2.61,0.0,0.0,0.0,213,323
2026-04-14 10:30:46,Luiz,laptop-LUIZ,empresaX,12.3,2400.0,87.8,13.82,1.91,15.73,79.0,376.16,99.8,475.97,0.41,0.0,0.0,0.0,189,321
2026-04-14 10:31:46,Luiz,laptop-LUIZ,empresaX,8.8,2400.0,86.8,13.65,2.08,15.73,79.0,376.16,99.8,475.97,0.12,0.0,0.01,0.01,170,322
2026-04-14 10:32:46,Luiz,laptop-LUIZ,empresaX,9.6,1520.0,87.9,13.83,1.9,15.73,79.0,376.17,99.8,475.97,1.46,0.01,0.03,0.04,170,323
2026-04-14 10:33:46,Luiz,laptop-LUIZ,empresaX,8.4,2400.0,90.2,14.19,1.54,15.73,79.0,376.17,99.79,475.97,0.28,0.0,0.0,0.0,171,325
2026-04-14 10:34:46,Luiz,laptop-LUIZ,empresaX,14.9,2400.0,90.2,14.19,1.54,15.73,79.0,376.17,99.79,475.97,0.0,0.0,0.01,0.01,161,324
2026-04-14 10:35:46,Luiz,laptop-LUIZ,empresaX,19.6,2400.0,93.6,14.72,1.01,15.73,79.0,376.17,99.8,475.97,11.35,0.01,0.15,0.16,177,351
2026-04-14 10:36:46,Luiz,laptop-LUIZ,empresaX,14.6,2400.0,91.0,14.31,1.42,15.73,79.0,376.17,99.8,475.97,0.13,0.0,0.0,0.0,174,335
2026-04-14 10:37:46,Luiz,laptop-LUIZ,empresaX,9.4,2400.0,92.8,14.59,1.14,15.73,79.0,376.17,99.79,475.97,3.75,0.01,0.01,0.02,149,330
2026-04-14 10:38:46,Luiz,laptop-LUIZ,empresaX,14.3,2400.0,92.2,14.51,1.22,15.73,79.0,376.19,99.78,475.97,162.45,0.0,0.0,0.0,192,335
2026-04-14 10:39:46,Luiz,laptop-LUIZ,empresaX,7.4,2400.0,93.0,14.62,1.11,15.729999999999999,79.0,376.19,99.78,475.97,0.66,0.0,0.01,0.01,214,337
2026-04-14 10:40:46,Luiz,laptop-LUIZ,empresaX,35.5,2400.0,93.5,14.71,1.02,15.73,79.0,376.2,99.77,475.97,22.41,0.07,0.14,0.21,258,341
2026-04-14 10:41:46,Luiz,laptop-LUIZ,empresaX,32.5,2400.0,93.9,14.77,0.96,15.73,79.0,376.2,99.77,475.97,4.44,0.0,0.01,0.01,261,336
2026-04-14 10:42:46,Luiz,laptop-LUIZ,empresaX,1.3,2400.0,92.7,14.59,1.14,15.73,79.0,376.2,99.77,475.97,0.1,0.0,0.01,0.01,243,333
2026-04-14 10:43:46,Luiz,laptop-LUIZ,empresaX,1.4,2400.0,92.5,14.55,1.18,15.73,79.0,376.2,99.77,475.97,0.0,0.0,0.0,0.0,223,332
2026-04-14 10:44:46,Luiz,laptop-LUIZ,empresaX,1.2,2400.0,90.6,14.25,1.48,15.73,79.0,376.2,99.77,475.97,0.0,0.0,0.0,0.0,199,331
2026-04-14 10:45:46,Luiz,laptop-LUIZ,empresaX,5.9,2400.0,90.7,14.27,1.46,15.73,79.0,376.2,99.77,475.97,0.04,0.0,0.01,0.01,191,332
2026-04-14 10:46:46,Luiz,laptop-LUIZ,empresaX,29.4,2400.0,88.0,13.84,1.89,15.73,79.0,376.15,99.82,475.97,68.62,0.0,0.01,0.01,186,349
2026-04-14 10:47:46,Luiz,laptop-LUIZ,empresaX,6.7,2400.0,87.0,13.69,2.04,15.73,79.0,376.15,99.82,475.97,0.06,0.0,0.0,0.0,155,343
2026-04-14 10:48:46,Luiz,laptop-LUIZ,empresaX,12.6,2400.0,89.6,14.09,1.64,15.73,79.1,376.4,99.57,475.97,9.41,0.0,0.01,0.01,144,346
2026-04-14 10:49:46,Luiz,laptop-LUIZ,empresaX,12.7,2400.0,88.2,13.87,1.86,15.729999999999999,79.1,376.68,99.29,475.97,67.58,0.02,0.95,0.97,149,344
2026-04-14 10:50:46,Luiz,laptop-LUIZ,empresaX,3.4,2400.0,87.0,13.68,2.05,15.73,79.2,376.83,99.13,475.97,5.13,0.02,0.94,0.96,148,341
2026-04-14 10:51:46,Luiz,laptop-LUIZ,empresaX,15.2,2400.0,86.4,13.6,2.13,15.73,79.2,376.82,99.15,475.97,8.41,0.02,0.96,0.98,127,337
2026-04-14 10:52:46,Luiz,laptop-LUIZ,empresaX,7.4,2400.0,86.2,13.56,2.17,15.73,79.2,376.82,99.15,475.97,2.12,0.02,0.97,0.99,119,335
2026-04-14 10:53:46,Luiz,laptop-LUIZ,empresaX,8.0,2400.0,86.8,13.65,2.08,15.73,79.2,376.81,99.15,475.97,6.32,0.02,0.97,0.99,135,339
2026-04-14 10:54:46,Luiz,laptop-LUIZ,empresaX,1.5,2400.0,86.0,13.53,2.2,15.73,79.1,376.29,99.68,475.97,0.28,0.0,0.01,0.01,130,336
2026-04-14 10:55:46,Luiz,laptop-LUIZ,empresaX,1.7,2400.0,86.0,13.52,2.21,15.73,79.1,376.29,99.68,475.97,0.0,0.0,0.01,0.01,128,334
2026-04-14 10:56:46,Luiz,laptop-LUIZ,empresaX,8.8,2400.0,85.9,13.51,2.22,15.73,79.1,376.29,99.68,475.97,0.0,0.0,0.01,0.01,122,333
2026-04-14 11:36:49,Luiz,laptop-LUIZ,empresaX,64.3,2400.0,88.5,13.92,1.81,15.73,79.1,376.29,99.68,475.97,164.34,0.05,0.05,0.1,166,342
2026-04-14 11:37:49,Luiz,laptop-LUIZ,empresaX,5.9,2400.0,93.0,14.62,1.11,15.729999999999999,79.1,376.29,99.67,475.97,5.42,0.01,0.0,0.01,186,337
2026-04-14 11:38:49,Luiz,laptop-LUIZ,empresaX,3.5,1520.0,92.7,14.58,1.15,15.73,79.1,376.29,99.67,475.97,0.09,0.0,0.0,0.0,155,332
2026-04-14 11:39:49,Luiz,laptop-LUIZ,empresaX,2.2,2400.0,92.8,14.59,1.14,15.73,79.1,376.3,99.66,475.97,0.15,0.0,0.0,0.0,137,334
2026-04-14 11:40:49,Luiz,laptop-LUIZ,empresaX,2.2,2400.0,84.1,13.22,2.51,15.73,79.1,376.31,99.65,475.97,0.06,0.01,0.02,0.03,132,337
2026-04-14 11:41:49,Luiz,laptop-LUIZ,empresaX,22.3,2400.0,84.6,13.31,2.42,15.73,79.1,376.31,99.65,475.97,11.34,0.0,0.01,0.01,126,344
2026-04-14 11:42:49,Luiz,laptop-LUIZ,empresaX,2.8,2400.0,84.0,13.22,2.51,15.73,79.1,376.31,99.65,475.97,1.34,0.0,0.0,0.0,118,338
2026-04-14 11:43:49,Luiz,laptop-LUIZ,empresaX,2.8,2400.0,80.5,12.67,3.06,15.73,79.1,376.32,99.65,475.97,0.03,0.0,0.0,0.0,115,332
2026-04-14 11:44:49,Luiz,laptop-LUIZ,empresaX,3.0,2400.0,80.7,12.69,3.04,15.73,79.1,376.32,99.65,475.97,0.01,0.0,0.0,0.0,115,332
2026-04-14 11:45:49,Luiz,laptop-LUIZ,empresaX,3.6,2400.0,80.5,12.67,3.06,15.73,79.1,376.32,99.65,475.97,0.0,0.0,0.01,0.01,112,332
2026-04-14 11:46:49,Luiz,laptop-LUIZ,empresaX,5.7,2400.0,81.6,12.83,2.9,15.73,79.1,376.32,99.65,475.97,5.68,0.0,0.01,0.01,119,340
2026-04-14 11:47:49,Luiz,laptop-LUIZ,empresaX,14.2,2400.0,84.3,13.27,2.46,15.73,79.1,376.33,99.64,475.97,24.97,0.0,0.0,0.0,130,347
2026-04-14 11:48:49,Luiz,laptop-LUIZ,empresaX,7.5,2400.0,81.8,12.87,2.86,15.729999999999999,79.1,376.33,99.64,475.97,0.06,0.0,0.0,0.0,119,339
2026-04-14 11:49:49,Luiz,laptop-LUIZ,empresaX,4.4,2400.0,82.7,13.0,2.73,15.73,79.1,376.33,99.64,475.97,0.18,0.0,0.01,0.01,119,337
2026-04-14 11:50:49,Luiz,laptop-LUIZ,empresaX,6.6,2400.0,82.3,12.95,2.78,15.729999999999999,79.1,376.33,99.64,475.97,0.1,0.0,0.01,0.01,114,333
2026-04-14 11:51:49,Luiz,laptop-LUIZ,empresaX,13.1,2400.0,82.7,13.01,2.72,15.73,79.1,376.33,99.64,475.97,1.02,0.02,0.01,0.03,127,337
2026-04-14 11:52:49,Luiz,laptop-LUIZ,empresaX,8.0,2400.0,83.8,13.18,2.55,15.73,79.1,376.33,99.64,475.97,0.14,0.0,0.0,0.0,137,336
2026-04-14 11:53:49,Luiz,laptop-LUIZ,empresaX,6.4,2400.0,82.9,13.04,2.69,15.729999999999999,79.1,376.33,99.64,475.97,0.15,0.0,0.0,0.0,132,333
2026-04-14 11:54:49,Luiz,laptop-LUIZ,empresaX,6.5,2400.0,83.9,13.2,2.53,15.729999999999999,79.1,376.33,99.64,475.97,0.08,0.0,0.01,0.01,128,333
2026-04-14 11:55:49,Luiz,laptop-LUIZ,empresaX,11.5,2400.0,83.4,13.12,2.61,15.729999999999999,79.1,376.33,99.64,475.97,0.23,0.0,0.0,0.0,127,333
2026-04-14 11:56:49,Luiz,laptop-LUIZ,empresaX,3.8,2400.0,85.0,13.37,2.36,15.729999999999999,79.1,376.34,99.63,475.97,0.18,0.0,0.0,0.0,139,338
2026-04-14 11:57:49,Luiz,laptop-LUIZ,empresaX,8.4,2400.0,85.1,13.39,2.34,15.73,79.1,376.34,99.63,475.97,0.07,0.0,0.01,0.01,136,338
2026-04-14 11:58:49,Luiz,laptop-LUIZ,empresaX,7.0,2400.0,83.5,13.13,2.6,15.73,79.1,376.37,99.6,475.97,1.14,0.03,0.97,1.0,116,338
2026-04-14 11:59:49,Luiz,laptop-LUIZ,empresaX,11.2,1520.0,84.7,13.32,2.41,15.73,78.7,374.57,101.4,475.97,1.4,0.0,0.01,0.01,137,346
2026-04-14 12:00:49,Luiz,laptop-LUIZ,empresaX,4.4,2400.0,89.6,14.09,1.64,15.73,78.7,374.55,101.41,475.97,0.12,0.0,0.01,0.01,158,344
2026-04-14 12:01:49,Luiz,laptop-LUIZ,empresaX,14.8,2400.0,87.6,13.77,1.96,15.73,78.7,374.55,101.41,475.97,0.43,0.0,0.01,0.01,149,342
2026-04-14 12:02:49,Luiz,laptop-LUIZ,empresaX,4.4,2400.0,87.6,13.78,1.95,15.729999999999999,78.7,374.56,101.41,475.97,0.06,0.0,0.0,0.0,140,340
2026-04-14 12:03:49,Luiz,laptop-LUIZ,empresaX,22.2,2400.0,87.3,13.74,1.99,15.73,78.7,374.56,101.41,475.97,0.09,0.0,0.0,0.0,135,339
2026-04-14 12:04:49,Luiz,laptop-LUIZ,empresaX,20.6,2400.0,86.8,13.65,2.08,15.73,78.7,374.54,101.43,475.97,0.04,0.0,0.0,0.0,138,339
2026-04-14 12:05:49,Luiz,laptop-LUIZ,empresaX,10.2,2400.0,86.7,13.64,2.09,15.73,78.7,374.54,101.43,475.97,0.1,0.0,0.01,0.01,138,337
2026-04-14 12:06:49,Luiz,laptop-LUIZ,empresaX,10.0,2400.0,87.0,13.68,2.05,15.73,78.7,374.54,101.43,475.97,0.09,0.03,0.01,0.04,143,338
2026-04-06 13:46:17,Matheus,laptop-MATHEUS,empresaX,10.8,1520.0,68.0,10.7,5.03,15.73,74.9,356.43,119.53,475.97,0.0,0.0,0.03,0.03,102,298
2026-04-06 13:47:17,Matheus,laptop-MATHEUS,empresaX,14.8,1520.0,70.2,11.04,4.69,15.73,74.9,356.43,119.53,475.97,0.29,0.38,0.03,0.41,106,297
2026-04-06 13:48:17,Matheus,laptop-MATHEUS,empresaX,3.6,2400.0,69.0,10.86,4.87,15.73,74.9,356.43,119.53,475.97,0.11,0.0,0.0,0.0,107,296
2026-04-06 13:49:17,Matheus,laptop-MATHEUS,empresaX,3.8,2400.0,68.9,10.85,4.88,15.73,74.9,356.43,119.53,475.97,0.0,0.0,0.0,0.0,100,297
2026-04-06 13:50:17,Matheus,laptop-MATHEUS,empresaX,2.8,1520.0,68.7,10.8,4.93,15.73,74.9,356.43,119.53,475.97,0.06,0.0,0.0,0.0,97,295
2026-04-06 13:51:17,Matheus,laptop-MATHEUS,empresaX,2.9,2400.0,68.6,10.8,4.94,15.740000000000002,74.9,356.43,119.53,475.97,0.0,0.0,0.0,0.0,94,294
2026-04-06 13:52:17,Matheus,laptop-MATHEUS,empresaX,4.4,2400.0,68.8,10.82,4.91,15.73,74.9,356.43,119.53,475.97,0.0,0.0,0.0,0.0,84,297
2026-04-06 13:53:17,Matheus,laptop-MATHEUS,empresaX,3.3,2400.0,68.6,10.8,4.93,15.73,74.9,356.43,119.53,475.97,0.06,0.0,0.0,0.0,79,297
2026-04-06 13:54:17,Matheus,laptop-MATHEUS,empresaX,0.8,1520.0,68.2,10.73,5.0,15.73,74.9,356.43,119.53,475.97,0.07,0.0,0.0,0.0,78,301
2026-04-06 13:55:17,Matheus,laptop-MATHEUS,empresaX,3.2,2400.0,64.3,10.12,5.61,15.73,74.9,356.43,119.53,475.97,0.08,0.01,0.0,0.01,80,299
2026-04-06 13:56:17,Matheus,laptop-MATHEUS,empresaX,3.5,1520.0,64.4,10.14,5.59,15.73,74.9,356.43,119.53,475.97,0.15,0.0,0.0,0.0,81,298
2026-04-06 13:57:17,Matheus,laptop-MATHEUS,empresaX,4.5,1520.0,66.2,10.42,5.31,15.73,74.9,356.42,119.54,475.97,0.17,0.03,0.06,0.09,160,298
2026-04-06 13:58:17,Matheus,laptop-MATHEUS,empresaX,6.6,2400.0,62.2,9.78,5.95,15.73,74.9,356.45,119.52,475.97,3.24,0.01,0.84,0.85,199,297
2026-04-06 13:59:17,Matheus,laptop-MATHEUS,empresaX,38.8,2400.0,67.2,10.58,5.15,15.73,74.9,356.52,119.45,475.97,0.3,0.39,0.1,0.49,213,305
2026-04-06 14:00:17,Matheus,laptop-MATHEUS,empresaX,7.0,2400.0,71.0,11.16,4.57,15.73,74.9,356.7,119.26,475.97,0.0,0.01,0.0,0.01,105,306
2026-04-06 14:01:17,Matheus,laptop-MATHEUS,empresaX,3.6,2400.0,70.1,11.03,4.7,15.73,74.9,356.7,119.26,475.97,0.12,0.0,0.0,0.0,110,306
2026-04-06 14:02:17,Matheus,laptop-MATHEUS,empresaX,15.0,1520.0,70.6,11.1,4.63,15.73,74.9,356.7,119.26,475.97,0.55,0.0,0.0,0.0,100,303
2026-04-06 14:03:17,Matheus,laptop-MATHEUS,empresaX,6.5,2400.0,70.1,11.03,4.7,15.73,74.9,356.7,119.26,475.97,0.06,0.01,0.0,0.01,101,302
2026-04-06 14:04:17,Matheus,laptop-MATHEUS,empresaX,11.2,2400.0,70.0,11.01,4.72,15.73,74.9,356.7,119.26,475.97,0.2,0.0,0.01,0.01,98,301
2026-04-06 14:05:17,Matheus,laptop-MATHEUS,empresaX,20.3,2400.0,68.8,10.82,4.91,15.73,74.9,356.72,119.24,475.97,0.36,0.0,0.03,0.03,108,300
2026-04-06 14:06:17,Matheus,laptop-MATHEUS,empresaX,5.9,1520.0,68.0,10.69,5.04,15.73,74.9,356.7,119.26,475.97,0.07,0.0,0.0,0.0,102,299
2026-04-06 14:07:17,Matheus,laptop-MATHEUS,empresaX,2.4,2400.0,68.1,10.71,5.02,15.73,74.9,356.7,119.26,475.97,0.14,0.0,0.01,0.01,105,303
2026-04-06 14:08:17,Matheus,laptop-MATHEUS,empresaX,8.9,2400.0,69.1,10.86,4.87,15.73,74.9,356.7,119.26,475.97,0.07,0.0,0.0,0.0,99,307
2026-04-06 14:09:17,Matheus,laptop-MATHEUS,empresaX,7.4,2400.0,67.2,10.57,5.16,15.73,74.9,356.69,119.27,475.97,0.04,0.0,0.0,0.0,115,307
2026-04-06 14:10:17,Matheus,laptop-MATHEUS,empresaX,5.8,2400.0,66.3,10.43,5.3,15.73,74.9,356.69,119.27,475.97,0.25,0.0,0.0,0.0,99,307
2026-04-06 14:11:17,Matheus,laptop-MATHEUS,empresaX,9.7,2400.0,67.1,10.56,5.17,15.73,74.9,356.69,119.27,475.97,0.0,0.01,0.0,0.01,107,308
2026-04-06 14:12:17,Matheus,laptop-MATHEUS,empresaX,6.5,2400.0,66.8,10.5,5.23,15.73,74.9,356.69,119.27,475.97,0.03,0.0,0.0,0.0,101,306
2026-04-06 14:13:17,Matheus,laptop-MATHEUS,empresaX,7.5,2400.0,66.4,10.45,5.28,15.73,74.9,356.69,119.27,475.97,0.0,0.0,0.0,0.0,98,308
2026-04-06 14:14:17,Matheus,laptop-MATHEUS,empresaX,7.1,2400.0,66.3,10.43,5.3,15.73,74.9,356.69,119.27,475.97,0.06,0.0,0.0,0.0,93,306
2026-04-06 14:15:17,Matheus,laptop-MATHEUS,empresaX,8.1,1520.0,65.1,10.24,5.49,15.73,74.9,356.69,119.27,475.97,0.12,0.0,0.01,0.01,92,305
2026-04-06 14:16:17,Matheus,laptop-MATHEUS,empresaX,7.3,2400.0,66.4,10.44,5.29,15.73,74.9,356.69,119.27,475.97,0.19,0.0,0.0,0.0,88,305
2026-04-06 14:17:17,Matheus,laptop-MATHEUS,empresaX,10.8,2400.0,66.4,10.45,5.28,15.73,74.9,356.69,119.27,475.97,0.33,0.01,0.03,0.04,86,304
2026-04-06 14:18:17,Matheus,laptop-MATHEUS,empresaX,3.4,2400.0,65.9,10.36,5.37,15.73,74.9,356.69,119.28,475.97,0.05,0.0,0.0,0.0,95,305
2026-04-06 14:19:17,Matheus,laptop-MATHEUS,empresaX,5.8,2400.0,67.4,10.61,5.12,15.73,74.9,356.69,119.28,475.97,0.19,0.0,0.0,0.0,96,306
2026-04-06 14:20:17,Matheus,laptop-MATHEUS,empresaX,4.4,2400.0,67.5,10.62,5.11,15.73,74.9,356.69,119.28,475.97,0.16,0.0,0.0,0.0,81,308
2026-04-06 14:21:17,Matheus,laptop-MATHEUS,empresaX,7.1,2400.0,68.0,10.7,5.03,15.73,74.9,356.69,119.28,475.97,0.06,0.0,0.0,0.0,88,314
2026-04-06 14:22:17,Matheus,laptop-MATHEUS,empresaX,6.8,1520.0,68.3,10.74,4.99,15.73,74.9,356.69,119.27,475.97,0.0,0.0,0.01,0.01,82,312
2026-04-06 14:23:17,Matheus,laptop-MATHEUS,empresaX,9.1,1520.0,68.3,10.74,4.99,15.73,74.9,356.69,119.27,475.97,0.08,0.0,0.01,0.01,79,310
2026-04-06 14:24:17,Matheus,laptop-MATHEUS,empresaX,1.9,2400.0,67.9,10.67,5.06,15.73,74.9,356.69,119.27,475.97,0.0,0.0,0.0,0.0,79,313
2026-04-06 14:25:17,Matheus,laptop-MATHEUS,empresaX,4.0,2400.0,68.6,10.8,4.93,15.73,74.9,356.69,119.27,475.97,0.0,0.0,0.0,0.0,88,310
2026-04-06 14:26:17,Matheus,laptop-MATHEUS,empresaX,3.2,1520.0,68.6,10.79,4.94,15.73,74.9,356.69,119.27,475.97,0.03,0.0,0.0,0.0,78,309
2026-04-06 14:27:17,Matheus,laptop-MATHEUS,empresaX,6.0,2400.0,69.2,10.88,4.85,15.73,74.9,356.69,119.28,475.97,0.12,0.0,0.01,0.01,77,312
2026-04-06 14:28:17,Matheus,laptop-MATHEUS,empresaX,4.5,2400.0,67.3,10.59,5.14,15.73,74.9,356.69,119.27,475.97,0.0,0.0,0.0,0.0,78,307
2026-04-06 14:29:17,Matheus,laptop-MATHEUS,empresaX,6.1,2400.0,67.7,10.66,5.07,15.73,74.9,356.69,119.27,475.97,0.06,0.0,0.0,0.0,85,307
2026-04-06 14:30:17,Matheus,laptop-MATHEUS,empresaX,5.7,2400.0,68.0,10.69,5.04,15.73,74.9,356.69,119.27,475.97,0.06,0.0,0.0,0.0,88,308
2026-04-06 14:31:17,Matheus,laptop-MATHEUS,empresaX,6.5,2400.0,67.2,10.57,5.16,15.73,74.9,356.69,119.27,475.97,0.18,0.0,0.0,0.0,73,307
2026-04-06 14:32:17,Matheus,laptop-MATHEUS,empresaX,8.1,2400.0,67.5,10.62,5.11,15.73,74.9,356.69,119.27,475.97,0.08,0.0,0.01,0.01,77,307
2026-04-06 14:33:17,Matheus,laptop-MATHEUS,empresaX,9.3,1520.0,69.2,10.88,4.85,15.73,74.9,356.69,119.27,475.97,0.0,0.0,0.0,0.0,90,308
2026-04-06 14:34:17,Matheus,laptop-MATHEUS,empresaX,3.5,1520.0,68.5,10.77,4.96,15.73,74.9,356.69,119.27,475.97,0.0,0.0,0.0,0.0,96,309
2026-04-06 14:35:17,Matheus,laptop-MATHEUS,empresaX,4.8,2400.0,66.1,10.4,5.33,15.73,74.9,356.69,119.27,475.97,0.06,0.0,0.0,0.0,86,306
2026-04-06 14:36:17,Matheus,laptop-MATHEUS,empresaX,4.1,2400.0,66.1,10.39,5.34,15.73,74.9,356.69,119.27,475.97,0.04,0.0,0.0,0.0,85,306
2026-04-06 14:37:17,Matheus,laptop-MATHEUS,empresaX,11.2,2400.0,67.4,10.6,5.13,15.73,74.9,356.69,119.27,475.97,0.04,0.0,0.0,0.0,87,312
2026-04-06 14:38:17,Matheus,laptop-MATHEUS,empresaX,6.6,2400.0,66.6,10.48,5.25,15.73,74.9,356.69,119.27,475.97,0.07,0.0,0.0,0.0,80,308
2026-04-06 14:39:17,Matheus,laptop-MATHEUS,empresaX,7.4,2400.0,68.5,10.77,4.96,15.73,74.9,356.69,119.27,475.97,0.0,0.0,0.0,0.0,79,307
2026-04-06 14:40:17,Matheus,laptop-MATHEUS,empresaX,22.0,2400.0,66.5,10.46,5.27,15.73,74.9,356.69,119.27,475.97,0.0,0.01,0.01,0.02,77,308
2026-04-06 14:41:17,Matheus,laptop-MATHEUS,empresaX,3.2,2400.0,65.0,10.22,5.51,15.73,74.9,356.69,119.27,475.97,0.0,0.0,0.0,0.0,70,308
2026-04-06 14:42:17,Matheus,laptop-MATHEUS,empresaX,4.1,2400.0,64.9,10.21,5.52,15.73,74.9,356.69,119.27,475.97,0.0,0.0,0.01,0.01,73,307
2026-04-06 14:43:17,Matheus,laptop-MATHEUS,empresaX,6.5,2400.0,64.4,10.13,5.6,15.73,74.9,356.69,119.27,475.97,0.0,0.0,0.0,0.0,72,306
2026-04-06 14:44:17,Matheus,laptop-MATHEUS,empresaX,3.0,2400.0,64.3,10.11,5.62,15.73,74.9,356.69,119.27,475.97,0.07,0.0,0.0,0.0,73,306
2026-04-06 14:45:17,Matheus,laptop-MATHEUS,empresaX,3.8,2400.0,63.4,9.97,5.76,15.73,74.9,356.69,119.27,475.97,0.0,0.0,0.0,0.0,75,306
2026-04-06 14:46:17,Matheus,laptop-MATHEUS,empresaX,3.1,1520.0,63.4,9.97,5.76,15.73,74.9,356.69,119.27,475.97,0.0,0.0,0.0,0.0,74,306
2026-04-06 14:47:17,Matheus,laptop-MATHEUS,empresaX,0.5,2400.0,63.6,10.0,5.73,15.73,74.9,356.69,119.27,475.97,0.0,0.0,0.0,0.0,72,310
2026-04-06 14:48:17,Matheus,laptop-MATHEUS,empresaX,0.5,2400.0,61.9,9.73,6.0,15.73,74.9,356.69,119.27,475.97,0.0,0.0,0.0,0.0,76,306
2026-04-06 14:49:17,Matheus,laptop-MATHEUS,empresaX,0.8,2400.0,61.9,9.74,5.99,15.73,74.9,356.69,119.27,475.97,0.0,0.0,0.0,0.0,77,307
2026-04-06 14:50:17,Matheus,laptop-MATHEUS,empresaX,0.9,1520.0,61.4,9.66,6.07,15.73,74.9,356.69,119.27,475.97,0.11,0.0,0.0,0.0,78,305
2026-04-06 14:51:17,Matheus,laptop-MATHEUS,empresaX,2.0,2400.0,63.0,9.9,5.83,15.73,74.9,356.69,119.27,475.97,0.1,0.0,0.0,0.0,78,307
2026-04-06 14:52:17,Matheus,laptop-MATHEUS,empresaX,5.3,2400.0,62.9,9.9,5.83,15.73,74.9,356.69,119.27,475.97,0.03,0.0,0.0,0.0,76,307
2026-04-06 14:53:17,Matheus,laptop-MATHEUS,empresaX,5.0,1520.0,62.7,9.87,5.86,15.73,74.9,356.69,119.27,475.97,0.0,0.0,0.0,0.0,74,305
2026-04-06 14:54:17,Matheus,laptop-MATHEUS,empresaX,4.5,1520.0,62.7,9.87,5.86,15.73,74.9,356.69,119.27,475.97,0.02,0.0,0.0,0.0,75,305
2026-04-06 14:55:17,Matheus,laptop-MATHEUS,empresaX,5.9,2400.0,62.8,9.87,5.86,15.73,74.9,356.69,119.27,475.97,0.06,0.0,0.0,0.0,80,306
2026-04-06 14:56:17,Matheus,laptop-MATHEUS,empresaX,3.6,2400.0,62.6,9.85,5.88,15.73,74.9,356.69,119.27,475.97,0.0,0.0,0.0,0.0,82,305
2026-04-06 14:57:17,Matheus,laptop-MATHEUS,empresaX,3.3,2400.0,62.6,9.84,5.89,15.73,74.9,356.69,119.27,475.97,0.0,0.0,0.0,0.0,76,305
2026-04-06 14:58:17,Matheus,laptop-MATHEUS,empresaX,4.2,1520.0,62.5,9.84,5.9,15.74,74.9,356.69,119.27,475.97,0.0,0.0,0.0,0.0,77,305
2026-04-06 14:59:17,Matheus,laptop-MATHEUS,empresaX,6.6,2400.0,61.7,9.71,6.02,15.73,74.9,356.7,119.27,475.97,0.0,0.0,0.01,0.01,78,305
2026-04-06 15:00:17,Matheus,laptop-MATHEUS,empresaX,3.5,2400.0,63.4,9.98,5.75,15.73,74.9,356.7,119.27,475.97,0.33,0.0,0.0,0.0,80,307
2026-04-06 15:01:17,Matheus,laptop-MATHEUS,empresaX,3.5,2400.0,62.3,9.81,5.92,15.73,74.9,356.7,119.27,475.97,0.0,0.0,0.0,0.0,74,305
2026-04-06 15:02:17,Matheus,laptop-MATHEUS,empresaX,6.5,1520.0,62.3,9.8,5.93,15.73,74.9,356.7,119.27,475.97,0.02,0.0,0.01,0.01,75,305
2026-04-06 15:03:17,Matheus,laptop-MATHEUS,empresaX,6.7,1520.0,62.4,9.81,5.92,15.73,74.9,356.7,119.27,475.97,0.06,0.0,0.0,0.0,75,305
2026-04-06 15:04:17,Matheus,laptop-MATHEUS,empresaX,3.0,2400.0,63.9,10.06,5.67,15.73,74.9,356.7,119.27,475.97,0.0,0.0,0.0,0.0,86,312
2026-04-06 15:05:17,Matheus,laptop-MATHEUS,empresaX,9.9,2400.0,64.2,10.1,5.63,15.73,74.9,356.7,119.27,475.97,0.01,0.0,0.01,0.01,87,309
2026-04-06 15:06:17,Matheus,laptop-MATHEUS,empresaX,5.6,1520.0,64.2,10.1,5.63,15.73,74.9,356.7,119.27,475.97,0.0,0.0,0.0,0.0,80,308
2026-04-06 15:07:17,Matheus,laptop-MATHEUS,empresaX,0.9,1520.0,64.4,10.13,5.6,15.73,74.9,356.7,119.27,475.97,0.01,0.0,0.0,0.0,83,311
2026-04-06 15:08:17,Matheus,laptop-MATHEUS,empresaX,0.7,2400.0,64.2,10.11,5.62,15.73,74.9,356.7,119.27,475.97,0.0,0.0,0.0,0.0,82,311
2026-04-06 15:09:17,Matheus,laptop-MATHEUS,empresaX,6.7,2400.0,65.1,10.24,5.49,15.73,74.9,356.7,119.27,475.97,0.07,0.0,0.0,0.0,81,314
2026-04-06 15:10:17,Matheus,laptop-MATHEUS,empresaX,9.4,1520.0,64.4,10.14,5.59,15.73,74.9,356.7,119.27,475.97,0.0,0.0,0.0,0.0,81,313
2026-04-06 15:11:17,Matheus,laptop-MATHEUS,empresaX,5.4,2400.0,64.1,10.08,5.65,15.73,74.9,356.7,119.27,475.97,0.06,0.0,0.0,0.0,77,310
2026-04-06 15:12:17,Matheus,laptop-MATHEUS,empresaX,3.5,2400.0,63.7,10.02,5.71,15.73,74.9,356.7,119.27,475.97,0.06,0.0,0.01,0.01,75,310
2026-04-06 15:13:17,Matheus,laptop-MATHEUS,empresaX,3.9,2400.0,63.7,10.02,5.71,15.73,74.9,356.7,119.27,475.97,0.0,0.0,0.0,0.0,75,309
2026-04-06 15:14:17,Matheus,laptop-MATHEUS,empresaX,5.4,1520.0,63.7,10.02,5.71,15.73,74.9,356.7,119.27,475.97,0.05,0.0,0.0,0.0,76,310
2026-04-06 15:15:17,Matheus,laptop-MATHEUS,empresaX,3.8,2400.0,62.6,9.85,5.88,15.73,74.9,356.7,119.27,475.97,0.04,0.0,0.0,0.0,77,305
2026-04-06 15:16:17,Matheus,laptop-MATHEUS,empresaX,2.0,2400.0,64.0,10.06,5.67,15.73,74.9,356.7,119.26,475.97,0.04,0.0,0.0,0.0,81,312
2026-04-06 15:17:17,Matheus,laptop-MATHEUS,empresaX,0.9,2400.0,61.3,9.64,6.09,15.73,74.9,356.7,119.26,475.97,0.0,0.0,0.0,0.0,76,307
2026-04-06 15:18:17,Matheus,laptop-MATHEUS,empresaX,1.0,1520.0,61.3,9.65,6.08,15.73,74.9,356.7,119.26,475.97,0.0,0.0,0.0,0.0,81,307
2026-04-06 15:19:17,Matheus,laptop-MATHEUS,empresaX,1.0,2400.0,61.3,9.65,6.08,15.73,74.9,356.7,119.26,475.97,0.0,0.0,0.0,0.0,81,308
2026-04-06 15:20:17,Matheus,laptop-MATHEUS,empresaX,0.7,2400.0,60.4,9.51,6.22,15.73,74.9,356.7,119.26,475.97,0.0,0.0,0.0,0.0,81,307
2026-04-06 15:21:17,Matheus,laptop-MATHEUS,empresaX,0.5,1520.0,60.6,9.53,6.2,15.73,74.9,356.7,119.26,475.97,0.05,0.0,0.0,0.0,77,307
2026-04-06 15:22:17,Matheus,laptop-MATHEUS,empresaX,1.2,1520.0,60.6,9.53,6.2,15.73,74.9,356.7,119.27,475.97,0.03,0.0,0.0,0.0,74,308
2026-04-06 15:23:17,Matheus,laptop-MATHEUS,empresaX,1.2,2400.0,60.6,9.53,6.2,15.73,74.9,356.7,119.27,475.97,0.01,0.0,0.0,0.0,74,308
2026-04-06 15:24:17,Matheus,laptop-MATHEUS,empresaX,0.5,1520.0,60.7,9.54,6.19,15.73,74.9,356.7,119.27,475.97,0.0,0.0,0.0,0.0,79,308
2026-04-06 15:25:17,Matheus,laptop-MATHEUS,empresaX,0.6,2400.0,60.6,9.54,6.19,15.73,74.9,356.7,119.27,475.97,0.0,0.0,0.0,0.0,82,308
2026-04-08 11:58:43,kaio,laptop-NZ13,empresaX,6.4,2400.0,72.6,11.42,4.31,15.73,75.2,357.78,118.19,475.97,0.4,0.0,0.01,0.01,141,348
2026-04-08 11:59:42,kaio,laptop-NZ13,empresaX,6.7,2400.0,71.4,11.24,4.49,15.73,75.2,357.77,118.19,475.97,0.52,0.0,0.0,0.0,122,346
2026-04-08 12:00:42,kaio,laptop-NZ13,empresaX,3.9,2400.0,71.2,11.2,4.53,15.73,75.2,357.78,118.19,475.97,0.0,0.0,0.0,0.0,99,344
2026-04-08 12:01:42,kaio,laptop-NZ13,empresaX,4.9,2400.0,70.0,11.01,4.72,15.73,75.2,357.78,118.19,475.97,0.01,0.0,0.0,0.0,88,343
2026-04-08 12:02:42,kaio,laptop-NZ13,empresaX,4.8,1520.0,70.8,11.14,4.59,15.73,75.2,357.78,118.19,475.97,0.11,0.0,0.0,0.0,99,345
2026-04-08 12:03:42,kaio,laptop-NZ13,empresaX,4.4,2400.0,69.8,10.98,4.75,15.73,75.2,357.78,118.19,475.97,0.89,0.0,0.0,0.0,96,341
2026-04-08 12:04:42,kaio,laptop-NZ13,empresaX,3.6,2400.0,70.5,11.09,4.64,15.73,75.2,357.78,118.19,475.97,0.01,0.0,0.0,0.0,88,342
2026-04-08 12:05:42,kaio,laptop-NZ13,empresaX,5.7,2400.0,70.4,11.07,4.66,15.73,75.2,357.78,118.19,475.97,0.0,0.0,0.0,0.0,83,341
2026-04-08 12:06:42,kaio,laptop-NZ13,empresaX,3.2,2400.0,69.7,10.96,4.77,15.73,75.2,357.78,118.19,475.97,0.0,0.0,0.0,0.0,84,339
2026-04-08 12:07:42,kaio,laptop-NZ13,empresaX,5.3,1520.0,69.3,10.9,4.83,15.73,75.2,357.78,118.19,475.97,0.0,0.0,0.01,0.01,83,338
2026-04-08 12:08:42,kaio,laptop-NZ13,empresaX,9.6,2400.0,71.5,11.25,4.48,15.73,75.2,357.78,118.19,475.97,0.0,0.0,0.01,0.01,87,339
2026-04-08 12:09:42,kaio,laptop-NZ13,empresaX,6.3,2400.0,71.8,11.29,4.44,15.73,75.2,357.78,118.19,475.97,0.0,0.0,0.0,0.0,110,337
2026-04-08 12:10:42,kaio,laptop-NZ13,empresaX,3.9,2400.0,71.6,11.26,4.47,15.73,75.2,357.78,118.18,475.97,0.43,0.0,0.0,0.0,121,335
2026-04-08 12:11:42,kaio,laptop-NZ13,empresaX,4.4,2400.0,71.6,11.26,4.47,15.73,75.2,357.78,118.18,475.97,0.0,0.0,0.0,0.0,121,335
2026-04-08 12:12:42,kaio,laptop-NZ13,empresaX,41.0,2400.0,72.2,11.35,4.38,15.73,75.2,357.78,118.18,475.97,0.68,0.0,0.0,0.0,114,336
2026-04-08 12:14:24,kaio,laptop-NZ13,empresaX,50.7,2400.0,73.1,11.5,4.23,15.73,75.2,357.78,118.19,475.97,9.41,42.85,338.27,381.12,97,343
2026-04-08 12:15:24,kaio,laptop-NZ13,empresaX,3.7,2400.0,70.7,11.12,4.61,15.73,75.2,357.79,118.18,475.97,0.46,0.0,0.0,0.0,135,341
2026-04-08 12:16:24,kaio,laptop-NZ13,empresaX,5.0,1520.0,69.7,10.96,4.77,15.73,75.2,357.79,118.18,475.97,0.0,0.0,0.0,0.0,149,336
2026-04-08 12:17:24,kaio,laptop-NZ13,empresaX,7.0,2400.0,69.6,10.95,4.78,15.73,75.2,357.79,118.18,475.97,0.05,0.0,0.03,0.03,115,333
2026-04-08 12:18:24,kaio,laptop-NZ13,empresaX,7.0,1520.0,69.5,10.93,4.8,15.73,75.2,357.79,118.18,475.97,0.07,0.0,0.06,0.06,114,333
2026-04-08 12:19:24,kaio,laptop-NZ13,empresaX,11.4,1520.0,69.0,10.85,4.88,15.73,75.2,357.79,118.18,475.97,0.69,0.0,0.04,0.04,116,335
2026-04-08 12:20:24,kaio,laptop-NZ13,empresaX,6.0,2400.0,69.7,10.97,4.76,15.73,75.2,357.85,118.11,475.97,0.09,0.0,0.01,0.01,119,339
2026-04-08 12:21:24,kaio,laptop-NZ13,empresaX,7.8,2400.0,70.1,11.02,4.71,15.73,75.2,357.86,118.11,475.97,0.0,0.0,0.0,0.0,119,332
2026-04-08 12:22:24,kaio,laptop-NZ13,empresaX,9.8,1520.0,69.8,10.97,4.76,15.73,75.2,357.86,118.11,475.97,0.3,0.0,0.0,0.0,118,334
2026-04-08 12:23:24,kaio,laptop-NZ13,empresaX,5.3,2400.0,71.1,11.18,4.55,15.73,75.2,357.85,118.11,475.97,0.06,0.0,0.0,0.0,118,338
2026-04-08 12:24:24,kaio,laptop-NZ13,empresaX,7.1,2400.0,70.4,11.08,4.65,15.73,75.2,357.85,118.11,475.97,0.33,0.01,0.08,0.09,119,337
2026-04-08 12:25:24,kaio,laptop-NZ13,empresaX,7.1,2400.0,70.1,11.03,4.7,15.73,75.2,357.85,118.11,475.97,0.02,0.0,0.0,0.0,116,336
2026-04-08 12:26:24,kaio,laptop-NZ13,empresaX,6.4,1520.0,69.7,10.96,4.77,15.73,75.2,357.86,118.11,475.97,0.02,0.0,0.0,0.0,113,335
2026-04-08 12:27:24,kaio,laptop-NZ13,empresaX,8.0,2400.0,69.7,10.96,4.77,15.73,75.2,357.86,118.11,475.97,0.1,0.0,0.01,0.01,114,335
2026-04-08 12:28:24,kaio,laptop-NZ13,empresaX,3.2,2400.0,69.1,10.87,4.86,15.73,75.2,357.85,118.12,475.97,0.07,0.0,0.01,0.01,101,341
2026-04-08 12:29:24,kaio,laptop-NZ13,empresaX,55.4,2400.0,71.5,11.25,4.48,15.73,75.2,357.86,118.11,475.97,10.76,0.03,0.04,0.07,210,345
2026-04-08 12:30:24,kaio,laptop-NZ13,empresaX,17.1,2400.0,80.4,12.65,3.08,15.73,75.2,358.04,117.92,475.97,2.35,0.1,0.96,1.06,250,357
2026-04-08 12:31:24,kaio,laptop-NZ13,empresaX,8.1,2400.0,77.2,12.14,3.59,15.73,75.2,358.08,117.88,475.97,0.0,0.0,0.0,0.0,252,356
2026-04-08 12:32:24,kaio,laptop-NZ13,empresaX,10.2,2400.0,76.9,12.1,3.63,15.73,75.2,358.09,117.88,475.97,0.01,0.0,0.0,0.0,126,353
2026-04-08 12:33:24,kaio,laptop-NZ13,empresaX,5.4,2400.0,75.1,11.81,3.92,15.73,75.2,358.09,117.88,475.97,0.04,0.0,0.0,0.0,121,351
2026-04-08 12:34:24,kaio,laptop-NZ13,empresaX,13.9,2400.0,75.3,11.85,3.89,15.74,75.2,358.09,117.88,475.97,179.14,0.0,0.01,0.01,100,353
2026-04-08 12:35:24,kaio,laptop-NZ13,empresaX,6.8,2400.0,75.5,11.87,3.86,15.729999999999999,75.2,358.09,117.88,475.97,0.19,0.0,0.01,0.01,122,351
2026-04-08 12:36:24,kaio,laptop-NZ13,empresaX,12.0,2400.0,75.9,11.93,3.8,15.73,75.2,358.09,117.88,475.97,0.06,0.0,0.0,0.0,158,350
2026-04-08 12:37:24,kaio,laptop-NZ13,empresaX,10.4,2400.0,75.3,11.85,3.88,15.73,75.2,358.09,117.88,475.97,0.06,0.0,0.0,0.0,213,350
2026-04-08 12:38:24,kaio,laptop-NZ13,empresaX,5.9,2400.0,74.8,11.77,3.96,15.73,75.2,358.09,117.88,475.97,0.0,0.0,0.01,0.01,216,350
2026-04-08 12:39:24,kaio,laptop-NZ13,empresaX,4.4,2400.0,74.6,11.74,3.99,15.73,75.2,358.09,117.88,475.97,0.09,0.0,0.0,0.0,163,349
2026-04-08 12:40:24,kaio,laptop-NZ13,empresaX,6.6,2400.0,74.3,11.69,4.04,15.73,75.2,358.09,117.88,475.97,0.09,0.0,0.0,0.0,123,348
2026-04-08 12:41:24,kaio,laptop-NZ13,empresaX,8.1,2400.0,74.6,11.73,4.0,15.73,75.2,358.09,117.87,475.97,0.0,0.0,0.01,0.01,144,346
2026-04-08 12:42:24,kaio,laptop-NZ13,empresaX,10.7,2400.0,74.1,11.66,4.07,15.73,75.2,358.09,117.87,475.97,0.09,0.0,0.0,0.0,147,346
2026-04-08 12:43:24,kaio,laptop-NZ13,empresaX,4.0,2400.0,73.8,11.61,4.12,15.73,75.2,358.09,117.87,475.97,0.06,0.0,0.0,0.0,116,346
2026-04-08 12:44:24,kaio,laptop-NZ13,empresaX,7.0,1520.0,73.8,11.61,4.12,15.73,75.2,358.09,117.87,475.97,0.0,0.01,0.03,0.04,119,346
2026-04-08 12:45:24,kaio,laptop-NZ13,empresaX,9.0,2400.0,73.8,11.61,4.12,15.73,75.2,358.09,117.88,475.97,0.16,0.0,0.0,0.0,107,348
2026-04-08 12:46:24,kaio,laptop-NZ13,empresaX,3.3,1520.0,73.8,11.61,4.12,15.73,75.2,358.09,117.88,475.97,0.06,0.0,0.01,0.01,111,349
2026-04-08 12:47:24,kaio,laptop-NZ13,empresaX,4.0,1520.0,74.4,11.7,4.03,15.73,75.2,358.09,117.88,475.97,0.14,0.0,0.0,0.0,108,356
2026-04-08 12:48:24,kaio,laptop-NZ13,empresaX,5.1,2400.0,71.0,11.17,4.56,15.73,75.2,358.09,117.88,475.97,0.01,0.0,0.01,0.01,106,353
2026-04-08 12:49:24,kaio,laptop-NZ13,empresaX,8.0,2400.0,71.2,11.2,4.53,15.73,75.2,358.09,117.88,475.97,0.18,0.0,0.02,0.02,108,351
2026-04-08 12:50:24,kaio,laptop-NZ13,empresaX,4.8,2400.0,71.4,11.23,4.5,15.73,75.2,358.09,117.88,475.97,0.0,0.0,0.01,0.01,108,351
2026-04-08 12:51:24,kaio,laptop-NZ13,empresaX,10.2,2400.0,72.7,11.43,4.3,15.73,75.2,358.09,117.88,475.97,0.0,0.01,0.01,0.02,104,351
2026-04-08 12:52:24,kaio,laptop-NZ13,empresaX,14.4,1520.0,72.9,11.47,4.26,15.73,75.2,358.09,117.88,475.97,0.01,0.0,0.0,0.0,110,353
2026-04-08 12:53:24,kaio,laptop-NZ13,empresaX,8.9,2400.0,74.8,11.77,3.96,15.73,74.2,353.28,122.69,475.97,0.94,0.02,0.88,0.9,169,349
2026-04-08 12:54:24,kaio,laptop-NZ13,empresaX,8.2,2400.0,75.3,11.85,3.88,15.73,74.2,353.37,122.6,475.97,18.46,0.02,0.01,0.03,203,352
2026-04-08 12:55:24,kaio,laptop-NZ13,empresaX,3.6,2400.0,76.8,12.09,3.64,15.73,74.2,353.35,122.62,475.97,0.05,0.0,0.0,0.0,194,348
2026-04-08 12:56:24,kaio,laptop-NZ13,empresaX,12.4,2400.0,76.5,12.04,3.7,15.739999999999998,74.2,353.35,122.61,475.97,0.82,0.07,0.02,0.09,181,347
2026-04-08 12:57:24,kaio,laptop-NZ13,empresaX,21.8,2400.0,78.8,12.39,3.34,15.73,74.2,353.36,122.61,475.97,0.41,0.01,0.11,0.12,179,347
2026-04-08 12:58:24,kaio,laptop-NZ13,empresaX,6.9,1520.0,76.9,12.1,3.63,15.73,74.2,353.36,122.61,475.97,0.03,0.0,0.01,0.01,182,348
2026-04-08 12:59:24,kaio,laptop-NZ13,empresaX,6.6,2400.0,70.5,11.09,4.64,15.73,74.2,353.28,122.68,475.97,0.0,0.0,0.01,0.01,186,335
2026-04-08 13:00:24,kaio,laptop-NZ13,empresaX,13.8,2400.0,70.4,11.07,4.66,15.73,74.2,353.28,122.68,475.97,0.19,0.0,0.0,0.0,134,335
2026-04-08 13:01:24,kaio,laptop-NZ13,empresaX,9.3,2400.0,69.9,11.0,4.73,15.73,74.2,353.28,122.68,475.97,0.17,0.0,0.0,0.0,129,336
2026-04-08 13:02:24,kaio,laptop-NZ13,empresaX,13.8,1520.0,69.8,10.98,4.75,15.73,74.2,353.29,122.68,475.97,0.23,0.0,0.0,0.0,122,334
2026-04-08 13:03:24,kaio,laptop-NZ13,empresaX,14.2,2400.0,68.1,10.72,5.01,15.73,74.2,353.29,122.68,475.97,0.88,0.0,0.0,0.0,123,334
2026-04-08 13:04:24,kaio,laptop-NZ13,empresaX,14.8,2400.0,68.4,10.76,4.97,15.73,74.2,353.29,122.68,475.97,0.14,0.0,0.0,0.0,125,335
2026-04-08 13:05:24,kaio,laptop-NZ13,empresaX,11.1,1520.0,68.5,10.78,4.95,15.73,74.2,353.29,122.68,475.97,0.0,0.0,0.01,0.01,123,335
2026-04-08 13:06:24,kaio,laptop-NZ13,empresaX,8.0,1520.0,68.4,10.76,4.97,15.73,74.2,353.29,122.68,475.97,0.03,0.0,0.01,0.01,115,335
2026-04-08 13:07:24,kaio,laptop-NZ13,empresaX,6.9,2400.0,68.4,10.77,4.96,15.73,74.2,353.29,122.68,475.97,0.01,0.0,0.0,0.0,116,334
2026-04-08 13:08:24,kaio,laptop-NZ13,empresaX,16.0,2400.0,67.4,10.61,5.12,15.73,74.2,353.29,122.68,475.97,0.29,0.0,0.01,0.01,124,336
2026-04-08 13:09:24,kaio,laptop-NZ13,empresaX,10.3,2400.0,67.1,10.56,5.17,15.73,74.2,353.29,122.68,475.97,0.08,0.0,0.01,0.01,122,336
2026-04-08 13:10:24,kaio,laptop-NZ13,empresaX,7.8,2400.0,67.3,10.58,5.15,15.73,74.2,353.29,122.68,475.97,0.32,0.0,0.0,0.0,116,335
2026-04-08 13:11:24,kaio,laptop-NZ13,empresaX,6.9,2400.0,67.3,10.59,5.14,15.73,74.2,353.29,122.68,475.97,0.17,0.0,0.0,0.0,110,335
2026-04-08 13:13:10,kaio,laptop-NZ13,empresaX,19.2,2400.0,68.2,10.72,5.01,15.73,74.2,353.29,122.67,475.97,1.01,0.0,0.01,0.01,99,342
2026-04-08 13:14:10,kaio,laptop-NZ13,empresaX,8.9,2400.0,68.8,10.83,4.9,15.73,74.2,353.3,122.67,475.97,0.11,0.0,0.0,0.0,134,344
2026-04-08 13:15:10,kaio,laptop-NZ13,empresaX,5.9,2400.0,70.5,11.1,4.63,15.73,74.2,353.3,122.67,475.97,0.32,0.0,0.0,0.0,172,343
2026-04-08 13:16:10,kaio,laptop-NZ13,empresaX,6.7,2400.0,69.4,10.92,4.81,15.73,74.2,353.3,122.67,475.97,0.61,0.0,0.0,0.0,160,344
2026-04-08 13:17:10,kaio,laptop-NZ13,empresaX,8.3,2400.0,69.3,10.9,4.83,15.73,74.2,353.3,122.67,475.97,0.09,0.02,0.0,0.02,141,343
2026-04-08 13:18:10,kaio,laptop-NZ13,empresaX,2.3,1520.0,69.5,10.93,4.8,15.73,74.2,353.3,122.67,475.97,0.12,0.0,0.0,0.0,141,344
2026-04-08 13:19:10,kaio,laptop-NZ13,empresaX,5.8,2400.0,69.1,10.87,4.86,15.73,74.2,353.3,122.67,475.97,0.0,0.0,0.0,0.0,134,343
2026-04-08 13:20:10,kaio,laptop-NZ13,empresaX,4.7,2400.0,69.2,10.88,4.85,15.73,74.2,353.3,122.67,475.97,0.06,0.0,0.0,0.0,143,343
2026-04-08 13:21:10,kaio,laptop-NZ13,empresaX,7.0,2400.0,69.1,10.88,4.85,15.73,74.2,353.3,122.67,475.97,0.01,0.0,0.03,0.03,117,342
2026-04-08 13:22:10,kaio,laptop-NZ13,empresaX,10.3,1520.0,69.8,10.98,4.75,15.73,74.2,353.3,122.67,475.97,0.13,0.02,0.1,0.12,113,342
2026-04-08 13:23:10,kaio,laptop-NZ13,empresaX,10.0,2400.0,69.6,10.95,4.79,15.739999999999998,74.2,353.3,122.66,475.97,0.1,0.0,0.0,0.0,127,343
2026-04-08 13:24:10,kaio,laptop-NZ13,empresaX,11.8,2400.0,69.4,10.92,4.81,15.73,74.2,353.3,122.66,475.97,0.04,0.0,0.01,0.01,122,341
2026-04-08 13:25:10,kaio,laptop-NZ13,empresaX,11.6,2400.0,70.3,11.06,4.67,15.73,74.2,353.3,122.67,475.97,1.18,0.01,0.13,0.14,124,342
2026-04-08 13:26:10,kaio,laptop-NZ13,empresaX,8.3,1520.0,69.8,10.99,4.74,15.73,74.2,353.3,122.66,475.97,0.03,0.0,0.01,0.01,131,341
2026-04-08 13:27:10,kaio,laptop-NZ13,empresaX,5.6,2400.0,70.5,11.08,4.65,15.73,74.2,353.3,122.66,475.97,0.18,0.0,0.0,0.0,162,345
2026-04-08 13:28:10,kaio,laptop-NZ13,empresaX,9.1,2400.0,71.2,11.2,4.53,15.73,74.2,353.3,122.66,475.97,0.06,0.0,0.01,0.01,155,345
2026-04-08 13:29:10,kaio,laptop-NZ13,empresaX,7.5,2400.0,71.6,11.26,4.47,15.73,74.2,353.31,122.66,475.97,0.24,0.0,0.01,0.01,157,345
2026-04-08 13:30:10,kaio,laptop-NZ13,empresaX,10.9,1520.0,71.8,11.3,4.43,15.73,74.2,353.31,122.66,475.97,0.38,0.01,0.01,0.02,177,347
2026-04-08 13:31:10,kaio,laptop-NZ13,empresaX,7.9,2400.0,71.3,11.22,4.51,15.73,74.2,353.31,122.66,475.97,0.02,0.0,0.01,0.01,176,343
2026-04-08 13:32:10,kaio,laptop-NZ13,empresaX,14.3,2400.0,73.1,11.49,4.24,15.73,74.2,353.31,122.66,475.97,0.25,0.01,0.01,0.02,171,344
2026-04-08 13:33:10,kaio,laptop-NZ13,empresaX,12.9,2400.0,74.4,11.71,4.02,15.73,74.2,353.31,122.65,475.97,0.3,0.0,0.0,0.0,263,347
2026-04-08 13:34:10,kaio,laptop-NZ13,empresaX,14.3,1520.0,75.4,11.86,3.87,15.73,74.2,353.31,122.65,475.97,0.04,0.0,0.01,0.01,227,350
2026-04-08 13:35:10,kaio,laptop-NZ13,empresaX,10.0,2400.0,74.8,11.77,3.96,15.73,74.2,353.31,122.65,475.97,0.14,0.03,0.02,0.05,228,349
2026-04-08 13:36:10,kaio,laptop-NZ13,empresaX,9.6,2400.0,75.4,11.86,3.87,15.73,74.2,353.31,122.65,475.97,0.09,0.0,0.0,0.0,220,352
2026-04-08 13:37:10,kaio,laptop-NZ13,empresaX,10.6,2400.0,73.8,11.61,4.12,15.73,74.2,353.31,122.65,475.97,0.09,0.02,0.0,0.02,203,346
2026-04-08 13:38:10,kaio,laptop-NZ13,empresaX,11.2,2400.0,76.7,12.06,3.67,15.73,74.2,353.31,122.65,475.97,0.0,0.0,0.01,0.01,212,349
2026-04-08 14:32:54,kaio,laptop-NZ13,empresaX,7.7,2400.0,76.8,12.07,3.66,15.73,74.2,353.33,122.64,475.97,0.44,0.0,0.04,0.04,181,351
